Geo_FIPS,fema_region_sovi_rank,us_sovi_rank
g01001,57.0,108.0
g01003,306.0,407.0
g01005,300.0,729.0
g01007,134.0,48.0
g01009,228.0,268.0
g01011,640.0,192.0
g01013,340.0,85.0
g01015,422.0,696.0
g01017,719.0,300.0
g01019,714.0,315.0
g01021,237.0,197.0
g01023,359.0,541.0
g01025,550.0,431.0
g01027,584.0,697.0
g01029,322.0,548.0
g01031,488.0,499.0
g01033,324.0,575.0
g01035,569.0,199.0
g01037,630.0,396.0
g01039,720.0,344.0
g01041,638.0,608.0
g01043,479.0,504.0
g01045,622.0,531.0
g01047,502.0,90.0
g01049,641.0,711.0
g01051,126.0,174.0
g01053,168.0,569.0
g01055,603.0,544.0
g01057,660.0,694.0
g01059,631.0,720.0
g01061,593.0,705.0
g01063,366.0,138.0
g01065,508.0,283.0
g01067,721.0,570.0
g01069,381.0,717.0
g01071,480.0,368.0
g01073,289.0,612.0
g01075,617.0,552.0
g01077,546.0,662.0
g01079,658.0,393.0
g01081,137.0,58.0
g01083,176.0,128.0
g01085,496.0,287.0
g01087,138.0,47.0
g01089,89.0,80.0
g01091,690.0,284.0
g01093,600.0,506.0
g01095,709.0,710.0
g01097,348.0,620.0
g01099,627.0,449.0
g01101,433.0,652.0
g01103,299.0,402.0
g01105,116.0,22.0
g01107,701.0,297.0
g01109,644.0,613.0
g01111,722.0,594.0
g01113,560.0,279.0
g01115,97.0,81.0
g01117,26.0,18.0
g01119,108.0,15.0
g01121,498.0,632.0
g01123,552.0,314.0
g01125,221.0,301.0
g01127,601.0,687.0
g01129,634.0,104.0
g01131,514.0,123.0
g01133,604.0,647.0
g02013,,
g02016,,
g02020,,
g02050,,
g02060,,
g02068,,
g02070,,
g02090,,
g02100,,
g02105,,
g02110,,
g02122,,
g02130,,
g02150,,
g02164,,
g02170,,
g02180,,
g02185,,
g02188,,
g02195,,
g02198,,
g02220,,
g02230,,
g02240,,
g02261,,
g02270,,
g02275,,
g02282,,
g02290,,
g04001,1.0,1.0
g04003,81.0,33.0
g04005,78.0,60.0
g04007,6.0,8.0
g04009,80.0,85.0
g04011,11.0,57.0
g04012,13.0,3.0
g04013,26.0,77.0
g04015,29.0,17.0
g04017,7.0,7.0
g04019,90.0,38.0
g04021,48.0,72.0
g04023,15.0,2.0
g04025,61.0,29.0
g04027,24.0,12.0
g05001,385.0,430.0
g05003,291.0,442.0
g05005,64.0,69.0
g05007,256.0,222.0
g05009,307.0,378.0
g05011,389.0,239.0
g05013,121.0,188.0
g05015,250.0,262.0
g05017,208.0,62.0
g05019,248.0,178.0
g05021,289.0,409.0
g05023,345.0,266.0
g05025,173.0,280.0
g05027,473.0,255.0
g05029,440.0,445.0
g05031,443.0,419.0
g05033,427.0,469.0
g05035,360.0,343.0
g05037,478.0,412.0
g05039,343.0,455.0
g05041,322.0,129.0
g05043,444.0,397.0
g05045,141.0,131.0
g05047,270.0,325.0
g05049,60.0,91.0
g05051,304.0,235.0
g05053,131.0,140.0
g05055,486.0,379.0
g05057,352.0,208.0
g05059,407.0,428.0
g05061,265.0,137.0
g05063,399.0,410.0
g05065,198.0,251.0
g05067,287.0,285.0
g05069,451.0,305.0
g05071,497.0,495.0
g05073,320.0,101.0
g05075,70.0,160.0
g05077,382.0,133.0
g05079,61.0,102.0
g05081,453.0,386.0
g05083,341.0,405.0
g05085,210.0,200.0
g05087,439.0,448.0
g05089,102.0,134.0
g05091,363.0,472.0
g05093,428.0,394.0
g05095,266.0,89.0
g05097,388.0,247.0
g05099,484.0,321.0
g05101,325.0,502.0
g05103,381.0,242.0
g05105,253.0,335.0
g05107,146.0,40.0
g05109,503.0,429.0
g05111,195.0,216.0
g05113,310.0,315.0
g05115,472.0,383.0
g05117,332.0,278.0
g05119,254.0,417.0
g05121,228.0,291.0
g05123,447.0,339.0
g05125,114.0,151.0
g05127,390.0,457.0
g05129,36.0,71.0
g05131,315.0,468.0
g05133,223.0,167.0
g05135,101.0,144.0
g05137,167.0,153.0
g05139,344.0,421.0
g05141,233.0,209.0
g05143,416.0,329.0
g05145,358.0,347.0
g05147,182.0,97.0
g05149,227.0,236.0
g06001,25.0,26.0
g06003,14.0,78.0
g06005,51.0,71.0
g06007,71.0,66.0
g06009,68.0,76.0
g06011,44.0,32.0
g06013,22.0,20.0
g06015,16.0,47.0
g06017,21.0,23.0
g06019,46.0,31.0
g06021,77.0,51.0
g06023,67.0,89.0
g06025,8.0,4.0
g06027,53.0,43.0
g06029,89.0,58.0
g06031,79.0,86.0
g06033,27.0,36.0
g06035,82.0,11.0
g06037,64.0,62.0
g06039,42.0,30.0
g06041,47.0,9.0
g06043,86.0,54.0
g06045,38.0,39.0
g06047,43.0,27.0
g06049,9.0,16.0
g06051,30.0,56.0
g06053,57.0,45.0
g06055,62.0,68.0
g06057,56.0,61.0
g06059,75.0,28.0
g06061,19.0,22.0
g06063,32.0,50.0
g06065,54.0,81.0
g06067,45.0,90.0
g06069,55.0,83.0
g06071,49.0,80.0
g06073,41.0,48.0
g06075,5.0,55.0
g06077,76.0,73.0
g06079,59.0,40.0
g06081,60.0,14.0
g06083,72.0,87.0
g06085,28.0,6.0
g06087,70.0,35.0
g06089,85.0,70.0
g06091,40.0,24.0
g06093,65.0,37.0
g06095,17.0,49.0
g06097,66.0,63.0
g06099,84.0,59.0
g06101,88.0,64.0
g06103,63.0,41.0
g06105,83.0,44.0
g06107,34.0,18.0
g06109,52.0,69.0
g06111,39.0,34.0
g06113,35.0,53.0
g06115,69.0,79.0
g08001,61.0,204.0
g08003,109.0,249.0
g08005,34.0,123.0
g08007,118.0,165.0
g08009,119.0,96.0
g08011,120.0,203.0
g08013,154.0,36.0
g08014,180.0,20.0
g08015,174.0,155.0
g08017,282.0,283.0
g08019,132.0,34.0
g08021,13.0,101.0
g08023,2.0,38.0
g08025,178.0,22.0
g08027,133.0,163.0
g08029,88.0,288.0
g08031,1.0,281.0
g08033,204.0,145.0
g08035,31.0,4.0
g08037,123.0,53.0
g08039,63.0,14.0
g08041,195.0,117.0
g08043,41.0,253.0
g08045,221.0,87.0
g08047,95.0,48.0
g08049,114.0,42.0
g08051,36.0,35.0
g08053,14.0,109.0
g08055,3.0,24.0
g08057,228.0,217.0
g08059,272.0,77.0
g08061,264.0,233.0
g08063,236.0,177.0
g08065,281.0,132.0
g08067,185.0,93.0
g08069,164.0,88.0
g08071,43.0,168.0
g08073,15.0,285.0
g08075,161.0,174.0
g08077,275.0,178.0
g08079,5.0,181.0
g08081,256.0,105.0
g08083,140.0,251.0
g08085,89.0,273.0
g08087,73.0,199.0
g08089,11.0,41.0
g08091,196.0,146.0
g08093,217.0,32.0
g08095,69.0,106.0
g08097,77.0,21.0
g08099,64.0,122.0
g08101,19.0,104.0
g08103,71.0,135.0
g08105,12.0,84.0
g08107,46.0,16.0
g08109,26.0,200.0
g08111,25.0,33.0
g08113,35.0,15.0
g08115,65.0,64.0
g08117,83.0,28.0
g08119,215.0,119.0
g08121,238.0,186.0
g08123,285.0,129.0
g08125,263.0,290.0
g09001,31.0,8.0
g09003,12.0,61.0
g09005,52.0,15.0
g09007,46.0,10.0
g09009,16.0,65.0
g09011,47.0,37.0
g09013,7.0,3.0
g09015,62.0,54.0
g10001,238.0,213.0
g10003,161.0,98.0
g10005,31.0,121.0
g11001,197.0,265.0
g12001,533.0,334.0
g12003,501.0,159.0
g12005,674.0,628.0
g12007,186.0,323.0
g12009,686.0,600.0
g12011,271.0,481.0
g12013,46.0,220.0
g12015,78.0,25.0
g12017,56.0,21.0
g12019,92.0,126.0
g12021,75.0,63.0
g12023,495.0,495.0
g12027,14.0,307.0
g12029,252.0,598.0
g12031,504.0,440.0
g12033,612.0,565.0
g12035,357.0,130.0
g12037,28.0,538.0
g12039,258.0,303.0
g12041,537.0,249.0
g12043,5.0,50.0
g12045,66.0,442.0
g12047,67.0,237.0
g12049,32.0,246.0
g12051,10.0,177.0
g12053,292.0,111.0
g12055,23.0,8.0
g12057,524.0,655.0
g12059,380.0,523.0
g12061,190.0,72.0
g12063,91.0,671.0
g12065,249.0,547.0
g12067,223.0,200.0
g12069,293.0,228.0
g12071,88.0,95.0
g12073,212.0,196.0
g12075,244.0,306.0
g12077,215.0,13.0
g12079,255.0,727.0
g12081,240.0,201.0
g12083,142.0,60.0
g12085,349.0,280.0
g12086,6.0,12.0
g12087,181.0,336.0
g12089,164.0,195.0
g12091,541.0,361.0
g12093,30.0,188.0
g12095,308.0,695.0
g12097,39.0,75.0
g12099,203.0,224.0
g12101,464.0,424.0
g12103,123.0,255.0
g12105,248.0,290.0
g12107,162.0,259.0
g12109,84.0,102.0
g12111,166.0,140.0
g12113,114.0,74.0
g12115,100.0,40.0
g12117,207.0,217.0
g12119,22.0,9.0
g12121,188.0,614.0
g12123,177.0,526.0
g12125,24.0,59.0
g12127,254.0,202.0
g12129,218.0,30.0
g12131,301.0,701.0
g12133,206.0,572.0
g13001,563.0,185.0
g13003,556.0,728.0
g13005,607.0,546.0
g13007,535.0,57.0
g13009,192.0,346.0
g13011,93.0,51.0
g13013,99.0,115.0
g13015,180.0,218.0
g13017,235.0,125.0
g13019,629.0,436.0
g13021,595.0,239.0
g13023,515.0,500.0
g13025,414.0,293.0
g13027,428.0,465.0
g13029,49.0,46.0
g13031,417.0,243.0
g13033,581.0,222.0
g13035,283.0,133.0
g13037,19.0,698.0
g13039,171.0,136.0
g13043,129.0,285.0
g13045,170.0,242.0
g13047,127.0,347.0
g13049,503.0,148.0
g13051,583.0,660.0
g13053,354.0,3.0
g13055,707.0,419.0
g13057,36.0,32.0
g13059,419.0,574.0
g13061,8.0,4.0
g13063,579.0,534.0
g13065,238.0,120.0
g13067,110.0,53.0
g13069,723.0,294.0
g13071,549.0,553.0
g13073,37.0,31.0
g13075,558.0,650.0
g13077,52.0,61.0
g13079,303.0,187.0
g13081,441.0,158.0
g13083,220.0,241.0
g13085,85.0,105.0
g13087,277.0,230.0
g13089,647.0,357.0
g13091,448.0,349.0
g13093,468.0,338.0
g13095,525.0,124.0
g13097,55.0,86.0
g13099,444.0,154.0
g13101,86.0,270.0
g13103,31.0,26.0
g13105,409.0,155.0
g13107,304.0,359.0
g13109,619.0,595.0
g13111,432.0,275.0
g13113,13.0,17.0
g13115,609.0,411.0
g13117,12.0,6.0
g13119,611.0,722.0
g13121,227.0,71.0
g13123,526.0,673.0
g13125,327.0,580.0
g13127,688.0,375.0
g13129,467.0,403.0
g13131,636.0,665.0
g13133,232.0,257.0
g13135,284.0,84.0
g13137,500.0,719.0
g13139,697.0,409.0
g13141,20.0,112.0
g13143,393.0,560.0
g13145,15.0,16.0
g13147,554.0,435.0
g13149,302.0,326.0
g13151,44.0,78.0
g13153,121.0,182.0
g13155,698.0,468.0
g13157,95.0,116.0
g13159,266.0,339.0
g13161,487.0,265.0
g13163,272.0,150.0
g13165,510.0,168.0
g13167,379.0,271.0
g13169,59.0,180.0
g13171,273.0,514.0
g13173,653.0,646.0
g13175,666.0,421.0
g13177,17.0,10.0
g13179,250.0,189.0
g13181,200.0,165.0
g13183,684.0,532.0
g13185,337.0,497.0
g13187,204.0,232.0
g13189,623.0,562.0
g13191,570.0,267.0
g13193,285.0,573.0
g13195,247.0,382.0
g13197,315.0,707.0
g13199,520.0,472.0
g13201,452.0,370.0
g13205,555.0,703.0
g13207,151.0,166.0
g13209,451.0,179.0
g13211,185.0,430.0
g13213,344.0,236.0
g13215,565.0,341.0
g13217,72.0,316.0
g13219,18.0,24.0
g13221,117.0,114.0
g13223,25.0,42.0
g13225,371.0,384.0
g13227,195.0,194.0
g13229,683.0,677.0
g13231,38.0,103.0
g13233,667.0,567.0
g13235,211.0,41.0
g13237,685.0,584.0
g13239,370.0,320.0
g13241,158.0,181.0
g13243,214.0,278.0
g13245,494.0,288.0
g13247,152.0,391.0
g13249,191.0,110.0
g13251,598.0,455.0
g13253,360.0,87.0
g13255,580.0,478.0
g13257,733.0,308.0
g13259,27.0,561.0
g13261,196.0,137.0
g13263,732.0,299.0
g13265,61.0,14.0
g13267,264.0,143.0
g13269,383.0,366.0
g13271,7.0,311.0
g13273,210.0,77.0
g13275,528.0,383.0
g13277,736.0,558.0
g13279,268.0,244.0
g13281,147.0,65.0
g13283,439.0,706.0
g13285,509.0,503.0
g13287,353.0,251.0
g13289,402.0,400.0
g13291,251.0,93.0
g13293,476.0,176.0
g13295,288.0,494.0
g13297,101.0,231.0
g13299,319.0,414.0
g13301,280.0,122.0
g13303,351.0,537.0
g13305,592.0,262.0
g13307,531.0,427.0
g13309,29.0,27.0
g13311,522.0,362.0
g13313,460.0,732.0
g13315,62.0,390.0
g13317,205.0,97.0
g13319,573.0,453.0
g13321,534.0,583.0
g15001,,
g15003,,
g15005,,
g15007,,
g15009,,
g16001,24.0,11.0
g16003,99.0,74.0
g16005,91.0,50.0
g16007,51.0,119.0
g16009,87.0,97.0
g16011,105.0,87.0
g16013,10.0,31.0
g16015,6.0,6.0
g16017,88.0,68.0
g16019,64.0,41.0
g16021,93.0,63.0
g16023,114.0,67.0
g16025,13.0,10.0
g16027,80.0,117.0
g16029,9.0,8.0
g16031,110.0,61.0
g16033,102.0,44.0
g16035,84.0,95.0
g16037,12.0,30.0
g16039,61.0,48.0
g16041,3.0,3.0
g16043,5.0,53.0
g16045,48.0,80.0
g16047,109.0,91.0
g16049,72.0,55.0
g16051,11.0,4.0
g16053,82.0,88.0
g16055,95.0,52.0
g16057,69.0,12.0
g16059,111.0,86.0
g16061,53.0,28.0
g16063,92.0,75.0
g16065,54.0,23.0
g16067,104.0,99.0
g16069,83.0,103.0
g16071,19.0,19.0
g16073,62.0,107.0
g16075,57.0,92.0
g16077,74.0,38.0
g16079,56.0,58.0
g16081,2.0,1.0
g16083,101.0,108.0
g16085,8.0,112.0
g16087,25.0,51.0
g17001,354.0,359.0
g17003,11.0,39.0
g17005,455.0,439.0
g17007,523.0,64.0
g17009,3.0,4.0
g17011,228.0,431.0
g17013,327.0,481.0
g17015,179.0,199.0
g17017,80.0,329.0
g17019,348.0,138.0
g17021,504.0,459.0
g17023,482.0,426.0
g17025,381.0,469.0
g17027,76.0,110.0
g17029,374.0,336.0
g17031,4.0,260.0
g17033,299.0,243.0
g17035,427.0,307.0
g17037,195.0,141.0
g17039,267.0,277.0
g17041,214.0,400.0
g17043,253.0,25.0
g17045,155.0,280.0
g17047,440.0,311.0
g17049,217.0,204.0
g17051,364.0,365.0
g17053,316.0,386.0
g17055,140.0,184.0
g17057,475.0,489.0
g17059,64.0,194.0
g17061,361.0,446.0
g17063,92.0,59.0
g17065,315.0,403.0
g17067,321.0,343.0
g17069,293.0,207.0
g17071,338.0,521.0
g17073,448.0,337.0
g17075,210.0,279.0
g17077,406.0,507.0
g17079,402.0,226.0
g17081,437.0,465.0
g17083,233.0,265.0
g17085,329.0,371.0
g17087,17.0,72.0
g17089,156.0,132.0
g17091,262.0,452.0
g17093,32.0,7.0
g17095,152.0,179.0
g17097,292.0,30.0
g17099,441.0,494.0
g17101,18.0,89.0
g17103,312.0,391.0
g17105,392.0,295.0
g17107,520.0,270.0
g17109,313.0,429.0
g17111,51.0,19.0
g17113,115.0,83.0
g17115,190.0,328.0
g17117,499.0,516.0
g17119,352.0,285.0
g17121,203.0,231.0
g17123,507.0,414.0
g17125,247.0,373.0
g17127,165.0,145.0
g17129,308.0,367.0
g17131,506.0,291.0
g17133,44.0,43.0
g17135,355.0,317.0
g17137,408.0,304.0
g17139,347.0,464.0
g17141,379.0,238.0
g17143,324.0,447.0
g17145,147.0,227.0
g17147,131.0,102.0
g17149,251.0,211.0
g17151,128.0,58.0
g17153,50.0,71.0
g17155,181.0,137.0
g17157,124.0,157.0
g17159,359.0,482.0
g17161,95.0,286.0
g17163,302.0,466.0
g17165,121.0,201.0
g17167,474.0,361.0
g17169,314.0,235.0
g17171,511.0,430.0
g17173,444.0,397.0
g17175,496.0,520.0
g17177,96.0,173.0
g17179,226.0,203.0
g17181,219.0,236.0
g17183,119.0,230.0
g17185,434.0,523.0
g17187,69.0,98.0
g17189,295.0,178.0
g17191,289.0,375.0
g17193,54.0,111.0
g17195,171.0,370.0
g17197,158.0,33.0
g17199,356.0,331.0
g17201,107.0,399.0
g17203,90.0,86.0
g18001,178.0,474.0
g18003,405.0,290.0
g18005,283.0,133.0
g18007,483.0,509.0
g18009,318.0,325.0
g18011,27.0,11.0
g18013,261.0,463.0
g18015,326.0,225.0
g18017,108.0,374.0
g18019,494.0,382.0
g18021,362.0,468.0
g18023,87.0,357.0
g18025,462.0,348.0
g18027,180.0,396.0
g18029,83.0,82.0
g18031,370.0,244.0
g18033,208.0,115.0
g18035,248.0,196.0
g18037,271.0,107.0
g18039,138.0,345.0
g18041,120.0,119.0
g18043,522.0,303.0
g18045,471.0,306.0
g18047,100.0,69.0
g18049,454.0,155.0
g18051,201.0,144.0
g18053,137.0,152.0
g18055,430.0,341.0
g18057,8.0,5.0
g18059,66.0,51.0
g18061,113.0,81.0
g18063,30.0,17.0
g18065,395.0,475.0
g18067,264.0,335.0
g18069,373.0,352.0
g18071,431.0,237.0
g18073,172.0,91.0
g18075,339.0,506.0
g18077,371.0,473.0
g18079,111.0,118.0
g18081,91.0,60.0
g18083,435.0,504.0
g18085,272.0,104.0
g18087,12.0,424.0
g18089,56.0,339.0
g18091,343.0,261.0
g18093,514.0,495.0
g18095,346.0,381.0
g18097,53.0,363.0
g18099,377.0,297.0
g18101,246.0,153.0
g18103,135.0,193.0
g18105,174.0,167.0
g18107,517.0,376.0
g18109,116.0,95.0
g18111,336.0,263.0
g18113,317.0,262.0
g18115,279.0,398.0
g18117,473.0,450.0
g18119,218.0,191.0
g18121,357.0,315.0
g18123,106.0,127.0
g18125,380.0,122.0
g18127,127.0,66.0
g18129,144.0,75.0
g18131,476.0,294.0
g18133,45.0,54.0
g18135,301.0,503.0
g18137,429.0,362.0
g18139,489.0,296.0
g18141,254.0,522.0
g18143,516.0,272.0
g18145,468.0,327.0
g18147,141.0,88.0
g18149,358.0,487.0
g18151,175.0,128.0
g18153,79.0,120.0
g18155,393.0,524.0
g18157,173.0,108.0
g18159,382.0,409.0
g18161,198.0,195.0
g18163,237.0,379.0
g18165,386.0,349.0
g18167,497.0,472.0
g18169,168.0,219.0
g18171,154.0,96.0
g18173,65.0,55.0
g18175,320.0,206.0
g18177,63.0,106.0
g18179,446.0,346.0
g18181,411.0,441.0
g18183,98.0,68.0
g19001,246.0,363.0
g19003,363.0,167.0
g19005,250.0,281.0
g19007,178.0,181.0
g19009,192.0,89.0
g19011,137.0,123.0
g19013,286.0,405.0
g19015,187.0,164.0
g19017,92.0,156.0
g19019,135.0,140.0
g19021,101.0,232.0
g19023,389.0,325.0
g19025,284.0,86.0
g19027,235.0,189.0
g19029,214.0,179.0
g19031,161.0,225.0
g19033,315.0,273.0
g19035,392.0,304.0
g19037,234.0,183.0
g19039,333.0,186.0
g19041,373.0,364.0
g19043,314.0,327.0
g19045,341.0,381.0
g19047,68.0,196.0
g19049,15.0,2.0
g19051,306.0,388.0
g19053,290.0,272.0
g19055,141.0,175.0
g19057,162.0,211.0
g19059,34.0,359.0
g19061,310.0,319.0
g19063,367.0,355.0
g19065,378.0,334.0
g19067,203.0,242.0
g19069,190.0,255.0
g19071,384.0,347.0
g19073,337.0,329.0
g19075,122.0,169.0
g19077,260.0,371.0
g19079,401.0,386.0
g19081,330.0,350.0
g19083,255.0,336.0
g19085,270.0,387.0
g19087,324.0,410.0
g19089,338.0,297.0
g19091,352.0,362.0
g19093,273.0,294.0
g19095,134.0,193.0
g19097,285.0,335.0
g19099,297.0,289.0
g19101,67.0,69.0
g19103,32.0,23.0
g19105,123.0,241.0
g19107,393.0,248.0
g19109,278.0,330.0
g19111,224.0,309.0
g19113,145.0,84.0
g19115,261.0,408.0
g19117,268.0,287.0
g19119,202.0,247.0
g19121,43.0,56.0
g19123,308.0,239.0
g19125,90.0,161.0
g19127,128.0,210.0
g19129,57.0,85.0
g19131,361.0,348.0
g19133,143.0,61.0
g19135,258.0,195.0
g19137,97.0,105.0
g19139,269.0,357.0
g19141,406.0,321.0
g19143,353.0,360.0
g19145,391.0,280.0
g19147,321.0,224.0
g19149,105.0,168.0
g19151,327.0,173.0
g19153,194.0,104.0
g19155,302.0,393.0
g19157,364.0,266.0
g19159,199.0,78.0
g19161,397.0,231.0
g19163,276.0,146.0
g19165,355.0,313.0
g19167,108.0,112.0
g19169,14.0,8.0
g19171,79.0,141.0
g19173,230.0,120.0
g19175,207.0,279.0
g19177,388.0,316.0
g19179,73.0,204.0
g19181,100.0,98.0
g19183,362.0,402.0
g19185,188.0,129.0
g19187,238.0,331.0
g19189,309.0,397.0
g19191,82.0,251.0
g19193,96.0,339.0
g19195,316.0,308.0
g19197,236.0,165.0
g20001,125.0,200.0
g20003,259.0,314.0
g20005,136.0,284.0
g20007,292.0,352.0
g20009,215.0,290.0
g20011,220.0,171.0
g20013,13.0,17.0
g20015,84.0,50.0
g20017,336.0,90.0
g20019,133.0,38.0
g20021,201.0,249.0
g20023,381.0,51.0
g20025,166.0,33.0
g20027,294.0,407.0
g20029,59.0,24.0
g20031,369.0,356.0
g20033,251.0,74.0
g20035,173.0,275.0
g20037,298.0,376.0
g20039,126.0,13.0
g20041,320.0,370.0
g20043,301.0,162.0
g20045,70.0,46.0
g20047,342.0,300.0
g20049,248.0,67.0
g20051,171.0,216.0
g20053,52.0,267.0
g20055,75.0,369.0
g20057,19.0,253.0
g20059,221.0,271.0
g20061,218.0,149.0
g20063,110.0,365.0
g20065,204.0,246.0
g20067,81.0,254.0
g20069,344.0,261.0
g20071,307.0,72.0
g20073,169.0,59.0
g20075,345.0,307.0
g20077,138.0,133.0
g20079,272.0,278.0
g20081,370.0,172.0
g20083,72.0,135.0
g20085,404.0,373.0
g20087,45.0,53.0
g20089,200.0,154.0
g20091,11.0,3.0
g20093,409.0,121.0
g20095,403.0,372.0
g20097,358.0,390.0
g20099,144.0,180.0
g20101,185.0,337.0
g20103,31.0,32.0
g20105,266.0,192.0
g20107,83.0,106.0
g20109,299.0,306.0
g20111,85.0,160.0
g20113,262.0,342.0
g20115,365.0,277.0
g20117,380.0,257.0
g20119,383.0,296.0
g20121,71.0,52.0
g20123,223.0,385.0
g20125,64.0,125.0
g20127,300.0,298.0
g20129,331.0,256.0
g20131,197.0,158.0
g20133,132.0,159.0
g20135,241.0,47.0
g20137,149.0,238.0
g20139,247.0,283.0
g20141,267.0,115.0
g20143,74.0,82.0
g20145,44.0,147.0
g20147,313.0,233.0
g20149,46.0,39.0
g20151,346.0,399.0
g20153,347.0,111.0
g20155,226.0,285.0
g20157,252.0,101.0
g20159,175.0,218.0
g20161,23.0,22.0
g20163,379.0,226.0
g20165,402.0,151.0
g20167,356.0,341.0
g20169,323.0,406.0
g20171,400.0,344.0
g20173,359.0,219.0
g20175,10.0,150.0
g20177,130.0,235.0
g20179,213.0,378.0
g20181,163.0,182.0
g20183,146.0,31.0
g20185,283.0,126.0
g20187,152.0,389.0
g20189,375.0,295.0
g20191,354.0,305.0
g20193,349.0,303.0
g20195,127.0,312.0
g20197,49.0,114.0
g20199,140.0,252.0
g20201,264.0,322.0
g20203,225.0,205.0
g20205,109.0,99.0
g20207,119.0,95.0
g20209,7.0,54.0
g21001,708.0,635.0
g21003,519.0,664.0
g21005,90.0,234.0
g21007,225.0,260.0
g21009,706.0,467.0
g21011,442.0,501.0
g21013,175.0,98.0
g21015,34.0,39.0
g21017,614.0,365.0
g21019,648.0,734.0
g21021,669.0,471.0
g21023,260.0,321.0
g21025,128.0,144.0
g21027,361.0,422.0
g21029,40.0,79.0
g21031,426.0,302.0
g21033,699.0,266.0
g21035,518.0,670.0
g21037,173.0,342.0
g21039,635.0,479.0
g21041,291.0,564.0
g21043,424.0,397.0
g21045,589.0,423.0
g21047,693.0,663.0
g21049,282.0,452.0
g21051,456.0,643.0
g21053,715.0,485.0
g21055,637.0,599.0
g21057,278.0,147.0
g21059,421.0,716.0
g21061,578.0,437.0
g21063,58.0,466.0
g21065,543.0,352.0
g21067,527.0,345.0
g21069,155.0,248.0
g21071,475.0,377.0
g21073,385.0,638.0
g21075,507.0,683.0
g21077,689.0,398.0
g21079,136.0,317.0
g21081,102.0,173.0
g21083,577.0,675.0
g21085,506.0,530.0
g21087,677.0,413.0
g21089,423.0,622.0
g21091,219.0,216.0
g21093,243.0,274.0
g21095,323.0,378.0
g21097,665.0,571.0
g21099,735.0,700.0
g21101,413.0,704.0
g21103,404.0,607.0
g21105,98.0,64.0
g21107,726.0,521.0
g21109,651.0,550.0
g21111,718.0,693.0
g21113,233.0,388.0
g21115,545.0,484.0
g21117,161.0,254.0
g21119,662.0,726.0
g21121,216.0,190.0
g21123,287.0,310.0
g21125,294.0,454.0
g21127,710.0,438.0
g21129,274.0,258.0
g21131,391.0,640.0
g21133,730.0,679.0
g21135,680.0,446.0
g21137,453.0,676.0
g21139,621.0,496.0
g21141,376.0,536.0
g21143,74.0,586.0
g21145,713.0,486.0
g21147,364.0,425.0
g21149,571.0,577.0
g21151,405.0,596.0
g21153,332.0,535.0
g21155,523.0,322.0
g21157,681.0,487.0
g21159,159.0,401.0
g21161,620.0,329.0
g21163,71.0,96.0
g21165,160.0,178.0
g21167,259.0,626.0
g21169,310.0,325.0
g21171,469.0,556.0
g21173,298.0,579.0
g21175,517.0,219.0
g21177,655.0,590.0
g21179,111.0,247.0
g21181,632.0,539.0
g21183,566.0,736.0
g21185,11.0,5.0
g21187,470.0,333.0
g21189,21.0,20.0
g21191,105.0,213.0
g21193,574.0,619.0
g21195,731.0,602.0
g21197,420.0,298.0
g21199,616.0,492.0
g21201,429.0,617.0
g21203,473.0,394.0
g21205,678.0,563.0
g21207,458.0,457.0
g21209,64.0,107.0
g21211,222.0,428.0
g21213,231.0,724.0
g21215,42.0,33.0
g21217,695.0,305.0
g21219,551.0,637.0
g21221,362.0,527.0
g21223,239.0,69.0
g21225,398.0,461.0
g21227,355.0,404.0
g21229,466.0,412.0
g21231,450.0,460.0
g21233,445.0,395.0
g21235,363.0,235.0
g21237,51.0,23.0
g21239,81.0,129.0
g22001,397.0,456.0
g22003,295.0,332.0
g22005,19.0,50.0
g22007,53.0,204.0
g22009,267.0,182.0
g22011,99.0,148.0
g22013,337.0,119.0
g22015,137.0,269.0
g22017,401.0,272.0
g22019,219.0,364.0
g22021,183.0,369.0
g22023,16.0,46.0
g22025,122.0,314.0
g22027,259.0,437.0
g22029,380.0,155.0
g22031,299.0,310.0
g22033,211.0,330.0
g22035,145.0,47.0
g22037,169.0,390.0
g22039,499.0,342.0
g22041,361.0,180.0
g22043,92.0,141.0
g22045,170.0,460.0
g22047,63.0,243.0
g22049,433.0,464.0
g22051,483.0,490.0
g22053,231.0,375.0
g22055,103.0,191.0
g22057,134.0,263.0
g22059,143.0,202.0
g22061,379.0,425.0
g22063,37.0,68.0
g22065,446.0,237.0
g22067,251.0,106.0
g22069,426.0,293.0
g22071,469.0,250.0
g22073,375.0,432.0
g22075,21.0,72.0
g22077,189.0,415.0
g22079,493.0,337.0
g22081,235.0,406.0
g22083,471.0,304.0
g22085,155.0,454.0
g22087,180.0,238.0
g22089,39.0,98.0
g22091,354.0,264.0
g22093,105.0,382.0
g22095,128.0,373.0
g22097,436.0,279.0
g22099,140.0,391.0
g22101,234.0,474.0
g22103,44.0,104.0
g22105,187.0,361.0
g22107,220.0,49.0
g22109,86.0,205.0
g22111,258.0,482.0
g22113,157.0,274.0
g22115,158.0,174.0
g22117,331.0,212.0
g22119,408.0,346.0
g22121,76.0,223.0
g22123,333.0,265.0
g22125,6.0,12.0
g22127,294.0,491.0
g23001,66.0,60.0
g23003,4.0,24.0
g23005,26.0,33.0
g23007,49.0,29.0
g23009,57.0,58.0
g23011,48.0,63.0
g23013,63.0,56.0
g23015,39.0,64.0
g23017,36.0,48.0
g23019,61.0,59.0
g23021,11.0,26.0
g23023,37.0,40.0
g23025,22.0,57.0
g23027,58.0,62.0
g23029,2.0,17.0
g23031,30.0,41.0
g24001,142.0,149.0
g24003,42.0,26.0
g24005,96.0,115.0
g24009,27.0,19.0
g24011,278.0,203.0
g24013,32.0,34.0
g24015,95.0,66.0
g24017,39.0,28.0
g24019,181.0,127.0
g24021,49.0,32.0
g24023,175.0,264.0
g24025,37.0,39.0
g24027,13.0,3.0
g24029,140.0,95.0
g24031,245.0,37.0
g24033,172.0,124.0
g24035,54.0,35.0
g24037,56.0,30.0
g24039,26.0,258.0
g24041,215.0,168.0
g24043,203.0,153.0
g24045,262.0,230.0
g24047,46.0,160.0
g24510,65.0,38.0
g25001,24.0,38.0
g25003,17.0,22.0
g25005,13.0,52.0
g25007,41.0,39.0
g25009,19.0,55.0
g25011,60.0,51.0
g25013,3.0,12.0
g25015,45.0,35.0
g25017,54.0,5.0
g25019,1.0,1.0
g25021,55.0,4.0
g25023,65.0,18.0
g25025,18.0,6.0
g25027,51.0,34.0
g26001,49.0,21.0
g26003,456.0,176.0
g26005,242.0,130.0
g26007,243.0,269.0
g26009,285.0,182.0
g26011,328.0,198.0
g26013,277.0,101.0
g26015,104.0,76.0
g26017,297.0,302.0
g26019,281.0,175.0
g26021,146.0,266.0
g26023,442.0,309.0
g26025,199.0,284.0
g26027,397.0,268.0
g26029,422.0,505.0
g26031,188.0,125.0
g26033,372.0,444.0
g26035,72.0,70.0
g26037,102.0,105.0
g26039,263.0,121.0
g26041,268.0,212.0
g26043,513.0,454.0
g26045,294.0,233.0
g26047,342.0,483.0
g26049,202.0,282.0
g26051,216.0,183.0
g26053,164.0,63.0
g26055,211.0,281.0
g26057,333.0,514.0
g26059,524.0,404.0
g26061,194.0,476.0
g26063,143.0,222.0
g26065,416.0,438.0
g26067,85.0,79.0
g26069,40.0,16.0
g26071,33.0,15.0
g26073,501.0,289.0
g26075,384.0,434.0
g26077,423.0,308.0
g26079,519.0,427.0
g26081,417.0,234.0
g26083,225.0,94.0
g26085,34.0,27.0
g26087,99.0,77.0
g26089,400.0,413.0
g26091,493.0,500.0
g26093,21.0,14.0
g26095,162.0,310.0
g26097,22.0,20.0
g26099,389.0,321.0
g26101,378.0,218.0
g26103,307.0,496.0
g26105,159.0,192.0
g26107,349.0,508.0
g26109,229.0,299.0
g26111,97.0,99.0
g26113,451.0,457.0
g26115,185.0,186.0
g26117,257.0,189.0
g26119,42.0,18.0
g26121,259.0,372.0
g26123,512.0,319.0
g26125,169.0,48.0
g26127,60.0,209.0
g26129,47.0,34.0
g26131,129.0,47.0
g26133,280.0,437.0
g26135,43.0,37.0
g26137,495.0,460.0
g26139,176.0,67.0
g26141,75.0,93.0
g26143,29.0,13.0
g26145,130.0,172.0
g26147,383.0,377.0
g26149,344.0,334.0
g26151,330.0,477.0
g26153,37.0,38.0
g26155,403.0,389.0
g26157,459.0,458.0
g26159,204.0,453.0
g26161,71.0,45.0
g26163,13.0,135.0
g26165,477.0,485.0
g27001,86.0,49.0
g27003,52.0,29.0
g27005,290.0,488.0
g27007,122.0,241.0
g27009,235.0,242.0
g27011,36.0,53.0
g27013,133.0,165.0
g27015,385.0,513.0
g27017,223.0,347.0
g27019,9.0,6.0
g27021,193.0,188.0
g27023,192.0,383.0
g27025,26.0,36.0
g27027,282.0,287.0
g27029,196.0,228.0
g27031,269.0,131.0
g27033,62.0,160.0
g27035,500.0,442.0
g27037,57.0,31.0
g27039,125.0,73.0
g27041,331.0,408.0
g27043,151.0,305.0
g27045,207.0,333.0
g27047,88.0,185.0
g27049,340.0,267.0
g27051,153.0,168.0
g27053,478.0,78.0
g27055,488.0,451.0
g27057,515.0,445.0
g27059,68.0,61.0
g27061,412.0,380.0
g27063,458.0,323.0
g27065,275.0,293.0
g27067,258.0,519.0
g27069,142.0,392.0
g27071,266.0,256.0
g27073,239.0,421.0
g27075,250.0,117.0
g27077,298.0,213.0
g27079,213.0,149.0
g27081,183.0,190.0
g27083,360.0,360.0
g27085,234.0,158.0
g27087,2.0,2.0
g27089,445.0,214.0
g27091,206.0,484.0
g27093,245.0,161.0
g27095,452.0,486.0
g27097,465.0,368.0
g27099,117.0,275.0
g27101,170.0,340.0
g27103,84.0,97.0
g27105,10.0,162.0
g27107,109.0,146.0
g27109,186.0,90.0
g27111,309.0,354.0
g27113,464.0,278.0
g27115,232.0,412.0
g27117,77.0,116.0
g27119,284.0,417.0
g27121,510.0,499.0
g27123,61.0,461.0
g27125,492.0,253.0
g27127,209.0,388.0
g27129,230.0,448.0
g27131,212.0,151.0
g27133,220.0,292.0
g27135,167.0,74.0
g27137,394.0,369.0
g27139,19.0,8.0
g27141,16.0,12.0
g27143,396.0,355.0
g27145,112.0,136.0
g27147,447.0,223.0
g27149,420.0,258.0
g27151,433.0,416.0
g27153,399.0,449.0
g27155,70.0,129.0
g27157,286.0,251.0
g27159,82.0,154.0
g27161,461.0,248.0
g27163,24.0,9.0
g27165,28.0,246.0
g27167,419.0,356.0
g27169,303.0,324.0
g27171,25.0,24.0
g27173,296.0,330.0
g28001,256.0,191.0
g28003,443.0,708.0
g28005,716.0,374.0
g28007,478.0,205.0
g28009,253.0,379.0
g28011,407.0,62.0
g28013,412.0,229.0
g28015,626.0,730.0
g28017,703.0,292.0
g28019,411.0,296.0
g28021,388.0,113.0
g28023,245.0,656.0
g28025,390.0,418.0
g28027,109.0,7.0
g28029,297.0,616.0
g28031,505.0,702.0
g28033,41.0,100.0
g28035,591.0,678.0
g28037,544.0,585.0
g28039,63.0,34.0
g28041,727.0,28.0
g28043,511.0,358.0
g28045,430.0,351.0
g28047,654.0,642.0
g28049,483.0,373.0
g28051,400.0,54.0
g28053,119.0,11.0
g28055,224.0,151.0
g28057,153.0,211.0
g28059,202.0,289.0
g28061,311.0,721.0
g28063,83.0,52.0
g28065,536.0,551.0
g28067,335.0,522.0
g28069,96.0,88.0
g28071,183.0,170.0
g28073,45.0,67.0
g28075,568.0,448.0
g28077,146.0,277.0
g28079,325.0,568.0
g28081,230.0,630.0
g28083,79.0,19.0
g28085,313.0,545.0
g28087,639.0,507.0
g28089,33.0,45.0
g28091,597.0,576.0
g28093,397.0,623.0
g28095,314.0,591.0
g28097,679.0,204.0
g28099,9.0,99.0
g28101,561.0,627.0
g28103,338.0,119.0
g28105,425.0,272.0
g28107,342.0,601.0
g28109,267.0,328.0
g28111,174.0,203.0
g28113,696.0,406.0
g28115,139.0,367.0
g28117,347.0,691.0
g28119,149.0,49.0
g28121,48.0,92.0
g28123,610.0,684.0
g28125,77.0,2.0
g28127,670.0,661.0
g28129,135.0,408.0
g28131,167.0,175.0
g28133,465.0,335.0
g28135,76.0,153.0
g28137,269.0,376.0
g28139,257.0,508.0
g28141,602.0,480.0
g28143,47.0,38.0
g28145,246.0,443.0
g28147,320.0,624.0
g28149,646.0,502.0
g28151,290.0,35.0
g28153,286.0,354.0
g28155,447.0,633.0
g28157,65.0,304.0
g28159,661.0,256.0
g28161,692.0,363.0
g28163,213.0,463.0
g29001,170.0,333.0
g29003,131.0,197.0
g29005,233.0,358.0
g29007,60.0,117.0
g29009,366.0,396.0
g29011,374.0,404.0
g29013,368.0,377.0
g29015,387.0,64.0
g29017,304.0,234.0
g29019,129.0,60.0
g29021,176.0,301.0
g29023,30.0,73.0
g29025,340.0,338.0
g29027,115.0,71.0
g29029,168.0,100.0
g29031,275.0,394.0
g29033,396.0,400.0
g29035,36.0,27.0
g29037,99.0,79.0
g29039,280.0,109.0
g29041,118.0,81.0
g29043,89.0,75.0
g29045,382.0,320.0
g29047,124.0,66.0
g29049,271.0,302.0
g29051,289.0,143.0
g29053,288.0,293.0
g29055,186.0,270.0
g29057,211.0,240.0
g29059,334.0,263.0
g29061,242.0,403.0
g29063,9.0,7.0
g29065,155.0,212.0
g29067,386.0,328.0
g29069,4.0,11.0
g29071,193.0,134.0
g29073,293.0,228.0
g29075,76.0,57.0
g29077,328.0,411.0
g29079,91.0,63.0
g29081,357.0,188.0
g29083,257.0,144.0
g29085,279.0,6.0
g29087,296.0,107.0
g29089,249.0,324.0
g29091,142.0,245.0
g29093,61.0,36.0
g29095,80.0,343.0
g29097,77.0,288.0
g29099,111.0,45.0
g29101,117.0,137.0
g29103,231.0,178.0
g29105,254.0,326.0
g29107,339.0,264.0
g29109,172.0,258.0
g29111,281.0,230.0
g29113,116.0,42.0
g29115,156.0,131.0
g29117,33.0,41.0
g29119,113.0,368.0
g29121,139.0,62.0
g29123,103.0,142.0
g29125,318.0,379.0
g29127,63.0,119.0
g29129,196.0,118.0
g29131,335.0,260.0
g29133,16.0,136.0
g29135,191.0,187.0
g29137,287.0,214.0
g29139,195.0,174.0
g29141,311.0,77.0
g29143,8.0,21.0
g29145,343.0,282.0
g29147,405.0,353.0
g29149,222.0,163.0
g29151,56.0,28.0
g29153,177.0,110.0
g29155,2.0,4.0
g29157,228.0,190.0
g29159,210.0,351.0
g29161,253.0,203.0
g29163,385.0,366.0
g29165,26.0,10.0
g29167,399.0,383.0
g29169,27.0,16.0
g29171,410.0,299.0
g29173,106.0,177.0
g29175,407.0,223.0
g29177,229.0,202.0
g29179,102.0,44.0
g29181,50.0,49.0
g29183,18.0,5.0
g29185,167.0,102.0
g29186,95.0,83.0
g29187,303.0,311.0
g29189,398.0,208.0
g29195,62.0,152.0
g29197,65.0,113.0
g29199,165.0,222.0
g29201,40.0,157.0
g29203,232.0,315.0
g29205,205.0,124.0
g29207,150.0,276.0
g29209,394.0,29.0
g29211,48.0,139.0
g29213,237.0,43.0
g29215,326.0,291.0
g29217,37.0,35.0
g29219,157.0,184.0
g29221,181.0,398.0
g29223,164.0,97.0
g29225,282.0,116.0
g29227,98.0,19.0
g29229,107.0,201.0
g29510,3.0,14.0
g30001,251.0,205.0
g30003,147.0,25.0
g30005,171.0,54.0
g30007,261.0,125.0
g30009,203.0,238.0
g30011,177.0,242.0
g30013,202.0,267.0
g30015,243.0,118.0
g30017,229.0,197.0
g30019,258.0,160.0
g30021,182.0,252.0
g30023,55.0,72.0
g30025,129.0,212.0
g30027,276.0,221.0
g30029,271.0,185.0
g30031,32.0,40.0
g30033,200.0,218.0
g30035,98.0,11.0
g30037,85.0,265.0
g30039,42.0,137.0
g30041,235.0,287.0
g30043,136.0,61.0
g30045,121.0,248.0
g30047,62.0,94.0
g30049,268.0,144.0
g30051,7.0,39.0
g30053,56.0,245.0
g30055,74.0,114.0
g30057,231.0,169.0
g30059,87.0,82.0
g30061,6.0,73.0
g30063,183.0,138.0
g30065,181.0,167.0
g30067,187.0,215.0
g30069,274.0,100.0
g30071,199.0,274.0
g30073,139.0,83.0
g30075,115.0,192.0
g30077,78.0,191.0
g30079,20.0,68.0
g30081,106.0,262.0
g30083,28.0,62.0
g30085,226.0,51.0
g30087,232.0,216.0
g30089,33.0,151.0
g30091,169.0,277.0
g30093,239.0,226.0
g30095,122.0,74.0
g30097,112.0,147.0
g30099,193.0,272.0
g30101,90.0,156.0
g30103,257.0,111.0
g30105,130.0,113.0
g30107,23.0,124.0
g30109,146.0,220.0
g30111,247.0,193.0
g31001,322.0,346.0
g31003,325.0,409.0
g31005,25.0,37.0
g31007,244.0,395.0
g31009,180.0,361.0
g31011,217.0,401.0
g31013,189.0,292.0
g31015,120.0,236.0
g31017,305.0,94.0
g31019,206.0,191.0
g31021,360.0,217.0
g31023,112.0,170.0
g31025,20.0,26.0
g31027,148.0,367.0
g31029,159.0,194.0
g31031,245.0,155.0
g31033,179.0,250.0
g31035,371.0,323.0
g31037,22.0,227.0
g31039,395.0,345.0
g31041,219.0,384.0
g31043,12.0,138.0
g31045,277.0,259.0
g31047,58.0,220.0
g31049,265.0,318.0
g31051,160.0,207.0
g31053,158.0,185.0
g31055,348.0,209.0
g31057,209.0,412.0
g31059,408.0,237.0
g31061,332.0,176.0
g31063,41.0,128.0
g31065,183.0,96.0
g31067,329.0,148.0
g31069,295.0,15.0
g31071,351.0,58.0
g31073,88.0,310.0
g31075,51.0,93.0
g31077,411.0,243.0
g31079,66.0,166.0
g31081,87.0,103.0
g31083,55.0,262.0
g31085,17.0,48.0
g31087,174.0,349.0
g31089,216.0,286.0
g31091,53.0,380.0
g31093,54.0,87.0
g31095,184.0,76.0
g31097,35.0,122.0
g31099,78.0,145.0
g31101,151.0,375.0
g31103,182.0,130.0
g31105,390.0,269.0
g31107,86.0,40.0
g31109,121.0,88.0
g31111,291.0,274.0
g31113,104.0,382.0
g31115,6.0,9.0
g31117,29.0,92.0
g31119,147.0,265.0
g31121,372.0,340.0
g31123,208.0,213.0
g31125,198.0,206.0
g31127,240.0,374.0
g31129,256.0,65.0
g31131,412.0,268.0
g31133,376.0,127.0
g31135,93.0,199.0
g31137,274.0,354.0
g31139,114.0,198.0
g31141,377.0,221.0
g31143,239.0,391.0
g31145,227.0,332.0
g31147,153.0,91.0
g31149,243.0,317.0
g31151,212.0,229.0
g31153,38.0,12.0
g31155,28.0,68.0
g31157,39.0,80.0
g31159,21.0,18.0
g31161,69.0,30.0
g31163,312.0,244.0
g31165,42.0,215.0
g31167,94.0,132.0
g31169,319.0,70.0
g31171,47.0,55.0
g31173,1.0,1.0
g31175,350.0,108.0
g31177,24.0,25.0
g31179,263.0,153.0
g31181,154.0,20.0
g31183,5.0,34.0
g31185,317.0,392.0
g32001,20.0,82.0
g32003,33.0,52.0
g32005,31.0,75.0
g32007,4.0,19.0
g32009,87.0,42.0
g32011,2.0,13.0
g32013,10.0,21.0
g32015,3.0,5.0
g32017,58.0,84.0
g32019,23.0,65.0
g32021,18.0,25.0
g32023,74.0,46.0
g32027,50.0,15.0
g32029,12.0,10.0
g32031,37.0,74.0
g32033,36.0,67.0
g32510,73.0,88.0
g33001,59.0,47.0
g33003,64.0,45.0
g33005,33.0,28.0
g33007,23.0,27.0
g33009,38.0,30.0
g33011,25.0,9.0
g33013,43.0,14.0
g33015,9.0,2.0
g33017,14.0,21.0
g33019,50.0,44.0
g34001,36.0,19.0
g34003,10.0,15.0
g34005,29.0,11.0
g34007,52.0,73.0
g34009,16.0,36.0
g34011,60.0,26.0
g34013,67.0,29.0
g34015,26.0,17.0
g34017,45.0,12.0
g34019,8.0,4.0
g34021,38.0,28.0
g34023,6.0,16.0
g34025,18.0,10.0
g34027,7.0,6.0
g34029,83.0,67.0
g34031,23.0,27.0
g34033,62.0,70.0
g34035,5.0,5.0
g34037,17.0,9.0
g34039,22.0,82.0
g34041,24.0,21.0
g35001,371.0,288.0
g35003,413.0,257.0
g35005,163.0,86.0
g35006,10.0,22.0
g35007,125.0,60.0
g35009,419.0,365.0
g35011,161.0,57.0
g35013,229.0,85.0
g35015,239.0,470.0
g35017,242.0,67.0
g35019,175.0,78.0
g35021,396.0,348.0
g35023,97.0,29.0
g35025,201.0,500.0
g35027,212.0,61.0
g35028,7.0,25.0
g35029,55.0,26.0
g35031,4.0,8.0
g35033,420.0,115.0
g35035,283.0,184.0
g35037,133.0,63.0
g35039,160.0,45.0
g35041,326.0,273.0
g35043,282.0,493.0
g35045,492.0,352.0
g35047,152.0,39.0
g35049,271.0,276.0
g35051,27.0,18.0
g35053,238.0,74.0
g35055,162.0,53.0
g35057,336.0,368.0
g35059,150.0,384.0
g35061,373.0,322.0
g36001,78.0,64.0
g36003,58.0,62.0
g36005,4.0,1.0
g36007,61.0,57.0
g36009,15.0,49.0
g36011,53.0,69.0
g36013,41.0,32.0
g36015,31.0,43.0
g36017,82.0,83.0
g36019,42.0,42.0
g36021,70.0,63.0
g36023,80.0,80.0
g36025,28.0,34.0
g36027,37.0,23.0
g36029,48.0,52.0
g36031,20.0,65.0
g36033,1.0,72.0
g36035,19.0,38.0
g36037,55.0,68.0
g36039,21.0,76.0
g36041,2.0,33.0
g36043,51.0,47.0
g36045,47.0,60.0
g36047,14.0,2.0
g36049,49.0,59.0
g36051,72.0,37.0
g36053,79.0,39.0
g36055,81.0,75.0
g36057,73.0,24.0
g36059,11.0,13.0
g36061,3.0,3.0
g36063,40.0,58.0
g36065,46.0,40.0
g36067,65.0,79.0
g36069,74.0,46.0
g36071,25.0,31.0
g36073,59.0,78.0
g36075,68.0,54.0
g36077,32.0,55.0
g36079,12.0,8.0
g36081,57.0,7.0
g36083,76.0,51.0
g36085,34.0,77.0
g36087,9.0,35.0
g36089,30.0,71.0
g36091,39.0,14.0
g36093,71.0,66.0
g36095,54.0,41.0
g36097,56.0,61.0
g36099,43.0,45.0
g36101,64.0,74.0
g36103,13.0,18.0
g36105,27.0,56.0
g36107,44.0,25.0
g36109,50.0,20.0
g36111,77.0,53.0
g36113,35.0,81.0
g36115,69.0,44.0
g36117,63.0,48.0
g36119,33.0,30.0
g36121,66.0,22.0
g36123,75.0,50.0
g37001,705.0,493.0
g37003,321.0,253.0
g37005,124.0,221.0
g37007,373.0,685.0
g37009,472.0,513.0
g37011,113.0,515.0
g37013,386.0,343.0
g37015,276.0,273.0
g37017,172.0,207.0
g37019,382.0,433.0
g37021,585.0,582.0
g37023,336.0,529.0
g37025,106.0,162.0
g37027,377.0,505.0
g37029,54.0,91.0
g37031,499.0,587.0
g37033,316.0,432.0
g37035,462.0,445.0
g37037,374.0,483.0
g37039,194.0,198.0
g37041,115.0,89.0
g37043,334.0,209.0
g37045,659.0,510.0
g37047,182.0,252.0
g37049,702.0,735.0
g37051,642.0,715.0
g37053,140.0,109.0
g37055,628.0,392.0
g37057,378.0,405.0
g37059,150.0,240.0
g37061,241.0,371.0
g37063,645.0,605.0
g37065,449.0,117.0
g37067,725.0,631.0
g37069,305.0,172.0
g37071,438.0,615.0
g37073,154.0,238.0
g37075,133.0,319.0
g37077,318.0,73.0
g37079,131.0,733.0
g37081,477.0,528.0
g37083,122.0,94.0
g37085,368.0,337.0
g37087,513.0,385.0
g37089,399.0,381.0
g37091,130.0,157.0
g37093,179.0,477.0
g37095,169.0,625.0
g37097,144.0,146.0
g37099,16.0,152.0
g37101,226.0,215.0
g37103,350.0,456.0
g37105,481.0,469.0
g37107,187.0,139.0
g37109,143.0,160.0
g37111,576.0,692.0
g37113,107.0,127.0
g37115,437.0,464.0
g37117,521.0,171.0
g37119,281.0,156.0
g37121,345.0,318.0
g37123,157.0,286.0
g37125,490.0,269.0
g37127,557.0,681.0
g37129,548.0,470.0
g37131,87.0,29.0
g37133,408.0,101.0
g37135,112.0,70.0
g37137,489.0,629.0
g37139,673.0,581.0
g37141,590.0,410.0
g37143,691.0,458.0
g37145,538.0,611.0
g37147,454.0,657.0
g37149,184.0,134.0
g37151,403.0,417.0
g37153,189.0,226.0
g37155,1.0,44.0
g37157,711.0,512.0
g37159,605.0,688.0
g37161,461.0,386.0
g37163,279.0,491.0
g37165,53.0,164.0
g37167,656.0,725.0
g37169,401.0,519.0
g37171,446.0,450.0
g37173,2.0,83.0
g37175,165.0,82.0
g37177,141.0,668.0
g37179,35.0,37.0
g37181,217.0,68.0
g37183,70.0,36.0
g37185,68.0,250.0
g37187,163.0,43.0
g37189,694.0,324.0
g37191,492.0,566.0
g37193,671.0,654.0
g37195,434.0,332.0
g37197,588.0,589.0
g37199,229.0,214.0
g38001,222.0,133.0
g38003,179.0,261.0
g38005,163.0,18.0
g38007,124.0,65.0
g38009,211.0,247.0
g38011,191.0,280.0
g38013,241.0,211.0
g38015,150.0,153.0
g38017,58.0,69.0
g38019,166.0,255.0
g38021,210.0,190.0
g38023,29.0,222.0
g38025,94.0,120.0
g38027,255.0,52.0
g38029,162.0,164.0
g38031,104.0,269.0
g38033,278.0,259.0
g38035,99.0,134.0
g38037,143.0,180.0
g38039,286.0,150.0
g38041,273.0,189.0
g38043,214.0,176.0
g38045,108.0,224.0
g38047,212.0,131.0
g38049,201.0,206.0
g38051,22.0,9.0
g38053,39.0,179.0
g38055,259.0,231.0
g38057,149.0,116.0
g38059,126.0,158.0
g38061,54.0,182.0
g38063,279.0,128.0
g38065,137.0,92.0
g38067,116.0,263.0
g38069,262.0,159.0
g38071,237.0,201.0
g38073,189.0,187.0
g38075,37.0,99.0
g38077,47.0,130.0
g38079,50.0,10.0
g38081,80.0,81.0
g38083,102.0,184.0
g38085,51.0,2.0
g38087,68.0,57.0
g38089,111.0,172.0
g38091,52.0,67.0
g38093,207.0,278.0
g38095,192.0,246.0
g38097,184.0,275.0
g38099,287.0,208.0
g38101,134.0,152.0
g38103,151.0,80.0
g38105,18.0,70.0
g39001,398.0,462.0
g39003,368.0,432.0
g39005,438.0,480.0
g39007,276.0,428.0
g39009,222.0,440.0
g39011,118.0,109.0
g39013,390.0,435.0
g39015,353.0,402.0
g39017,310.0,166.0
g39019,304.0,239.0
g39021,256.0,221.0
g39023,161.0,229.0
g39025,103.0,65.0
g39027,486.0,394.0
g39029,518.0,502.0
g39031,503.0,393.0
g39033,300.0,264.0
g39035,23.0,170.0
g39037,425.0,344.0
g39039,428.0,407.0
g39041,6.0,3.0
g39043,323.0,314.0
g39045,105.0,100.0
g39047,244.0,254.0
g39049,391.0,224.0
g39051,270.0,174.0
g39053,466.0,501.0
g39055,145.0,52.0
g39057,126.0,114.0
g39059,366.0,493.0
g39061,101.0,433.0
g39063,453.0,276.0
g39065,424.0,455.0
g39067,273.0,316.0
g39069,325.0,298.0
g39071,485.0,401.0
g39073,413.0,490.0
g39075,5.0,518.0
g39077,387.0,418.0
g39079,241.0,395.0
g39081,150.0,177.0
g39083,484.0,320.0
g39085,443.0,247.0
g39087,388.0,366.0
g39089,238.0,202.0
g39091,460.0,410.0
g39093,365.0,498.0
g39095,78.0,252.0
g39097,15.0,32.0
g39099,67.0,139.0
g39101,265.0,283.0
g39103,55.0,46.0
g39105,498.0,423.0
g39107,166.0,113.0
g39109,319.0,245.0
g39111,449.0,318.0
g39113,139.0,271.0
g39115,450.0,478.0
g39117,227.0,134.0
g39119,231.0,257.0
g39121,163.0,220.0
g39123,414.0,332.0
g39125,332.0,148.0
g39127,410.0,338.0
g39129,89.0,112.0
g39131,363.0,405.0
g39133,187.0,205.0
g39135,240.0,312.0
g39137,149.0,80.0
g39139,490.0,515.0
g39141,160.0,240.0
g39143,306.0,517.0
g39145,291.0,216.0
g39147,491.0,497.0
g39149,197.0,169.0
g39151,288.0,350.0
g39153,369.0,387.0
g39155,215.0,250.0
g39157,508.0,471.0
g39159,46.0,35.0
g39161,436.0,420.0
g39163,322.0,171.0
g39165,20.0,10.0
g39167,467.0,456.0
g39169,487.0,300.0
g39171,376.0,255.0
g39173,123.0,124.0
g39175,407.0,419.0
g40001,51.0,138.0
g40003,178.0,164.0
g40005,452.0,467.0
g40007,200.0,341.0
g40009,90.0,125.0
g40011,456.0,446.0
g40013,286.0,350.0
g40015,186.0,313.0
g40017,111.0,108.0
g40019,264.0,296.0
g40021,127.0,217.0
g40023,98.0,96.0
g40025,277.0,181.0
g40027,213.0,127.0
g40029,148.0,203.0
g40031,424.0,399.0
g40033,203.0,233.0
g40035,214.0,312.0
g40037,284.0,271.0
g40039,415.0,422.0
g40041,132.0,170.0
g40043,166.0,240.0
g40045,232.0,316.0
g40047,313.0,367.0
g40049,309.0,355.0
g40051,280.0,286.0
g40053,393.0,462.0
g40055,437.0,441.0
g40057,38.0,41.0
g40059,464.0,388.0
g40061,392.0,377.0
g40063,334.0,392.0
g40065,262.0,326.0
g40067,79.0,77.0
g40069,314.0,331.0
g40071,202.0,299.0
g40073,142.0,244.0
g40075,181.0,227.0
g40077,335.0,443.0
g40079,240.0,327.0
g40081,431.0,400.0
g40083,136.0,175.0
g40085,398.0,309.0
g40087,156.0,163.0
g40089,71.0,111.0
g40091,129.0,114.0
g40093,247.0,320.0
g40095,434.0,254.0
g40097,494.0,401.0
g40099,302.0,338.0
g40101,174.0,245.0
g40103,429.0,466.0
g40105,281.0,414.0
g40107,107.0,193.0
g40109,421.0,499.0
g40111,209.0,246.0
g40113,378.0,381.0
g40115,49.0,90.0
g40117,485.0,476.0
g40119,394.0,183.0
g40121,346.0,351.0
g40123,252.0,336.0
g40125,257.0,333.0
g40127,56.0,66.0
g40129,77.0,161.0
g40131,185.0,143.0
g40133,123.0,158.0
g40135,215.0,308.0
g40137,404.0,444.0
g40139,171.0,356.0
g40141,199.0,232.0
g40143,498.0,393.0
g40145,197.0,179.0
g40147,370.0,389.0
g40149,355.0,387.0
g40151,395.0,483.0
g40153,104.0,122.0
g41001,76.0,66.0
g41003,66.0,20.0
g41005,28.0,9.0
g41007,49.0,46.0
g41009,85.0,22.0
g41011,26.0,32.0
g41013,67.0,79.0
g41015,30.0,7.0
g41017,75.0,64.0
g41019,23.0,49.0
g41021,52.0,37.0
g41023,55.0,47.0
g41025,79.0,110.0
g41027,78.0,104.0
g41029,33.0,76.0
g41031,44.0,70.0
g41033,14.0,29.0
g41035,41.0,82.0
g41037,103.0,90.0
g41039,47.0,118.0
g41041,60.0,26.0
g41043,68.0,109.0
g41045,15.0,43.0
g41047,29.0,71.0
g41049,63.0,94.0
g41051,58.0,78.0
g41053,106.0,106.0
g41055,36.0,65.0
g41057,112.0,69.0
g41059,39.0,113.0
g41061,46.0,89.0
g41063,38.0,15.0
g41065,20.0,45.0
g41067,16.0,14.0
g41069,107.0,34.0
g41071,115.0,84.0
g42001,162.0,146.0
g42003,131.0,241.0
g42005,178.0,283.0
g42007,165.0,191.0
g42009,204.0,219.0
g42011,164.0,259.0
g42013,216.0,161.0
g42015,211.0,252.0
g42017,47.0,36.0
g42019,59.0,71.0
g42021,283.0,134.0
g42023,111.0,144.0
g42025,279.0,282.0
g42027,68.0,52.0
g42029,33.0,21.0
g42031,242.0,227.0
g42033,199.0,278.0
g42035,275.0,194.0
g42037,156.0,276.0
g42039,276.0,209.0
g42041,64.0,84.0
g42043,200.0,247.0
g42045,122.0,148.0
g42047,201.0,267.0
g42049,207.0,220.0
g42051,182.0,109.0
g42053,1.0,129.0
g42055,141.0,187.0
g42057,117.0,110.0
g42059,265.0,226.0
g42061,239.0,137.0
g42063,151.0,210.0
g42065,240.0,255.0
g42067,228.0,184.0
g42069,267.0,131.0
g42071,194.0,171.0
g42073,243.0,140.0
g42075,263.0,245.0
g42077,127.0,223.0
g42079,208.0,132.0
g42081,152.0,280.0
g42083,187.0,196.0
g42085,253.0,156.0
g42087,174.0,133.0
g42089,123.0,170.0
g42091,51.0,43.0
g42093,257.0,185.0
g42095,202.0,167.0
g42097,237.0,172.0
g42099,75.0,73.0
g42101,9.0,15.0
g42103,120.0,193.0
g42105,166.0,270.0
g42107,246.0,246.0
g42109,153.0,175.0
g42111,218.0,207.0
g42113,11.0,85.0
g42115,229.0,183.0
g42117,169.0,221.0
g42119,214.0,79.0
g42121,284.0,192.0
g42123,272.0,279.0
g42125,125.0,239.0
g42127,74.0,244.0
g42129,108.0,254.0
g42131,179.0,169.0
g42133,100.0,105.0
g44001,32.0,31.0
g44003,56.0,36.0
g44005,34.0,43.0
g44007,5.0,13.0
g44009,42.0,16.0
g45001,675.0,516.0
g45003,387.0,482.0
g45005,145.0,476.0
g45007,352.0,609.0
g45009,459.0,145.0
g45011,704.0,540.0
g45013,553.0,549.0
g45015,132.0,106.0
g45017,331.0,489.0
g45019,346.0,415.0
g45021,529.0,651.0
g45023,482.0,588.0
g45025,652.0,667.0
g45027,339.0,276.0
g45029,389.0,364.0
g45031,559.0,645.0
g45033,201.0,121.0
g45035,82.0,131.0
g45037,372.0,76.0
g45039,416.0,295.0
g45041,532.0,475.0
g45043,539.0,163.0
g45045,296.0,350.0
g45047,729.0,282.0
g45049,457.0,578.0
g45051,261.0,291.0
g45053,208.0,542.0
g45055,312.0,517.0
g45057,333.0,473.0
g45059,625.0,509.0
g45061,209.0,312.0
g45063,120.0,141.0
g45065,103.0,372.0
g45067,643.0,118.0
g45069,125.0,462.0
g45071,676.0,555.0
g45073,567.0,718.0
g45075,599.0,330.0
g45077,265.0,210.0
g45079,270.0,331.0
g45081,586.0,669.0
g45083,463.0,592.0
g45085,587.0,682.0
g45087,608.0,227.0
g45089,427.0,206.0
g45091,104.0,186.0
g46003,233.0,223.0
g46005,175.0,229.0
g46007,57.0,7.0
g46009,113.0,254.0
g46011,60.0,66.0
g46013,248.0,286.0
g46015,244.0,198.0
g46017,219.0,6.0
g46019,213.0,235.0
g46021,70.0,183.0
g46023,245.0,29.0
g46025,242.0,143.0
g46027,159.0,170.0
g46029,188.0,210.0
g46031,230.0,44.0
g46033,138.0,236.0
g46035,148.0,282.0
g46037,167.0,75.0
g46039,170.0,209.0
g46041,168.0,27.0
g46043,206.0,148.0
g46045,144.0,289.0
g46047,24.0,26.0
g46049,190.0,196.0
g46051,234.0,291.0
g46053,198.0,127.0
g46055,93.0,188.0
g46057,75.0,219.0
g46059,280.0,171.0
g46061,44.0,161.0
g46063,45.0,60.0
g46065,131.0,195.0
g46067,289.0,56.0
g46069,218.0,103.0
g46071,160.0,142.0
g46073,141.0,63.0
g46075,158.0,268.0
g46077,155.0,284.0
g46079,227.0,241.0
g46081,266.0,244.0
g46083,21.0,31.0
g46085,223.0,139.0
g46087,84.0,279.0
g46089,197.0,59.0
g46091,194.0,250.0
g46093,152.0,115.0
g46095,128.0,13.0
g46097,205.0,258.0
g46099,283.0,173.0
g46101,79.0,243.0
g46103,254.0,239.0
g46105,240.0,237.0
g46107,59.0,90.0
g46109,250.0,71.0
g46111,252.0,276.0
g46113,4.0,1.0
g46115,246.0,232.0
g46117,127.0,108.0
g46119,16.0,37.0
g46121,27.0,3.0
g46123,224.0,157.0
g46125,145.0,271.0
g46127,49.0,50.0
g46129,225.0,79.0
g46135,260.0,234.0
g46137,72.0,19.0
g47001,596.0,723.0
g47003,329.0,416.0
g47005,328.0,340.0
g47007,410.0,389.0
g47009,242.0,474.0
g47011,309.0,511.0
g47013,431.0,263.0
g47015,343.0,658.0
g47017,624.0,459.0
g47019,540.0,420.0
g47021,50.0,56.0
g47023,262.0,488.0
g47025,547.0,621.0
g47027,396.0,387.0
g47029,330.0,245.0
g47031,474.0,713.0
g47033,455.0,281.0
g47035,497.0,169.0
g47037,633.0,451.0
g47039,358.0,327.0
g47041,575.0,672.0
g47043,148.0,313.0
g47045,392.0,634.0
g47047,60.0,135.0
g47049,734.0,498.0
g47051,317.0,525.0
g47053,724.0,348.0
g47055,369.0,543.0
g47057,493.0,380.0
g47059,618.0,603.0
g47061,295.0,184.0
g47063,712.0,490.0
g47065,485.0,680.0
g47067,197.0,149.0
g47069,516.0,360.0
g47071,486.0,356.0
g47073,395.0,447.0
g47075,687.0,212.0
g47077,236.0,434.0
g47079,562.0,369.0
g47081,418.0,208.0
g47083,530.0,399.0
g47085,657.0,641.0
g47087,700.0,714.0
g47089,572.0,699.0
g47091,275.0,524.0
g47093,198.0,193.0
g47095,3.0,559.0
g47097,663.0,636.0
g47099,307.0,606.0
g47101,717.0,648.0
g47103,436.0,593.0
g47105,440.0,659.0
g47107,406.0,554.0
g47109,668.0,690.0
g47111,435.0,520.0
g47113,375.0,712.0
g47115,356.0,557.0
g47117,199.0,353.0
g47119,471.0,731.0
g47121,263.0,167.0
g47123,672.0,649.0
g47125,193.0,261.0
g47127,234.0,439.0
g47129,594.0,233.0
g47131,649.0,355.0
g47133,367.0,426.0
g47135,118.0,225.0
g47137,384.0,674.0
g47139,615.0,610.0
g47141,682.0,709.0
g47143,564.0,653.0
g47145,512.0,618.0
g47147,94.0,183.0
g47149,73.0,66.0
g47151,728.0,597.0
g47153,650.0,686.0
g47155,491.0,429.0
g47157,365.0,644.0
g47159,178.0,223.0
g47161,606.0,444.0
g47163,613.0,604.0
g47165,69.0,142.0
g47167,80.0,161.0
g47169,156.0,132.0
g47171,415.0,441.0
g47173,326.0,264.0
g47175,582.0,533.0
g47177,664.0,689.0
g47179,484.0,518.0
g47181,341.0,309.0
g47183,542.0,639.0
g47185,394.0,666.0
g47187,4.0,1.0
g47189,43.0,55.0
g48001,117.0,177.0
g48003,120.0,416.0
g48005,501.0,317.0
g48007,306.0,105.0
g48009,119.0,136.0
g48011,366.0,298.0
g48013,402.0,230.0
g48015,144.0,372.0
g48017,312.0,253.0
g48019,272.0,503.0
g48021,72.0,199.0
g48023,126.0,149.0
g48025,490.0,345.0
g48027,383.0,451.0
g48029,237.0,214.0
g48031,255.0,496.0
g48033,12.0,130.0
g48035,230.0,152.0
g48037,328.0,440.0
g48039,58.0,92.0
g48041,348.0,248.0
g48043,351.0,486.0
g48045,477.0,344.0
g48047,3.0,1.0
g48049,347.0,290.0
g48051,269.0,480.0
g48053,414.0,354.0
g48055,376.0,328.0
g48057,430.0,380.0
g48059,305.0,363.0
g48061,15.0,15.0
g48063,417.0,228.0
g48065,109.0,145.0
g48067,207.0,147.0
g48069,300.0,173.0
g48071,11.0,35.0
g48073,377.0,252.0
g48075,353.0,324.0
g48077,273.0,297.0
g48079,327.0,362.0
g48081,192.0,80.0
g48083,82.0,88.0
g48085,28.0,33.0
g48087,245.0,99.0
g48089,479.0,306.0
g48091,74.0,197.0
g48093,147.0,132.0
g48095,87.0,213.0
g48097,438.0,450.0
g48099,495.0,494.0
g48101,17.0,20.0
g48103,317.0,423.0
g48105,423.0,146.0
g48107,48.0,43.0
g48109,20.0,14.0
g48111,217.0,374.0
g48113,292.0,435.0
g48115,489.0,473.0
g48117,350.0,171.0
g48119,290.0,295.0
g48121,43.0,55.0
g48123,461.0,219.0
g48125,194.0,126.0
g48127,24.0,6.0
g48129,386.0,449.0
g48131,33.0,9.0
g48133,224.0,159.0
g48135,274.0,418.0
g48137,184.0,48.0
g48139,95.0,169.0
g48141,46.0,36.0
g48143,275.0,358.0
g48145,118.0,70.0
g48147,409.0,376.0
g48149,405.0,360.0
g48151,222.0,206.0
g48153,112.0,64.0
g48155,8.0,10.0
g48157,29.0,38.0
g48159,475.0,319.0
g48161,165.0,370.0
g48163,260.0,123.0
g48165,66.0,201.0
g48167,151.0,224.0
g48169,467.0,218.0
g48171,298.0,112.0
g48173,2.0,7.0
g48175,460.0,225.0
g48177,455.0,157.0
g48179,367.0,396.0
g48181,463.0,403.0
g48183,387.0,478.0
g48185,196.0,424.0
g48187,135.0,261.0
g48189,244.0,185.0
g48191,57.0,59.0
g48193,88.0,81.0
g48195,362.0,366.0
g48197,93.0,73.0
g48199,84.0,139.0
g48201,449.0,479.0
g48203,172.0,385.0
g48205,13.0,28.0
g48207,422.0,260.0
g48209,96.0,135.0
g48211,279.0,436.0
g48213,406.0,420.0
g48215,26.0,21.0
g48217,454.0,359.0
g48219,374.0,398.0
g48221,153.0,371.0
g48223,474.0,439.0
g48225,481.0,267.0
g48227,349.0,226.0
g48229,94.0,31.0
g48231,288.0,353.0
g48233,297.0,404.0
g48235,68.0,282.0
g48237,59.0,113.0
g48239,261.0,453.0
g48241,324.0,488.0
g48243,457.0,124.0
g48245,411.0,485.0
g48247,176.0,44.0
g48249,216.0,56.0
g48251,81.0,128.0
g48253,425.0,433.0
g48255,435.0,408.0
g48257,89.0,168.0
g48259,35.0,121.0
g48261,25.0,16.0
g48263,221.0,220.0
g48265,191.0,83.0
g48267,205.0,94.0
g48269,75.0,110.0
g48271,73.0,54.0
g48273,177.0,84.0
g48275,42.0,37.0
g48277,249.0,258.0
g48279,100.0,58.0
g48281,412.0,465.0
g48283,91.0,24.0
g48285,496.0,302.0
g48287,193.0,459.0
g48289,329.0,301.0
g48291,80.0,190.0
g48293,458.0,340.0
g48295,278.0,413.0
g48297,476.0,294.0
g48299,296.0,100.0
g48301,1.0,2.0
g48303,441.0,458.0
g48305,190.0,93.0
g48307,246.0,192.0
g48309,318.0,300.0
g48311,78.0,156.0
g48313,243.0,471.0
g48315,491.0,221.0
g48317,356.0,461.0
g48319,488.0,234.0
g48321,448.0,249.0
g48323,14.0,5.0
g48325,308.0,426.0
g48327,22.0,19.0
g48329,54.0,241.0
g48331,321.0,195.0
g48333,236.0,166.0
g48335,108.0,118.0
g48337,450.0,411.0
g48339,34.0,76.0
g48341,369.0,303.0
g48343,179.0,117.0
g48345,432.0,277.0
g48347,442.0,395.0
g48349,502.0,292.0
g48351,206.0,318.0
g48353,110.0,87.0
g48355,226.0,116.0
g48357,268.0,481.0
g48359,168.0,165.0
g48361,164.0,186.0
g48363,487.0,287.0
g48365,67.0,259.0
g48367,31.0,65.0
g48369,384.0,198.0
g48371,482.0,229.0
g48373,480.0,307.0
g48375,204.0,210.0
g48377,30.0,11.0
g48379,372.0,475.0
g48381,154.0,189.0
g48383,41.0,194.0
g48385,83.0,51.0
g48387,115.0,79.0
g48389,50.0,27.0
g48391,124.0,52.0
g48393,293.0,501.0
g48395,465.0,162.0
g48397,18.0,42.0
g48399,116.0,75.0
g48401,149.0,284.0
g48403,225.0,103.0
g48405,85.0,34.0
g48407,188.0,447.0
g48409,357.0,176.0
g48411,400.0,407.0
g48413,311.0,283.0
g48415,303.0,492.0
g48417,364.0,484.0
g48419,241.0,452.0
g48421,403.0,431.0
g48423,316.0,497.0
g48425,130.0,215.0
g48427,5.0,3.0
g48429,359.0,477.0
g48431,276.0,463.0
g48433,340.0,357.0
g48435,69.0,489.0
g48437,330.0,323.0
g48439,391.0,270.0
g48441,319.0,334.0
g48443,323.0,142.0
g48445,368.0,231.0
g48447,418.0,487.0
g48449,410.0,275.0
g48451,263.0,211.0
g48453,139.0,154.0
g48455,301.0,109.0
g48457,339.0,438.0
g48459,218.0,349.0
g48461,445.0,207.0
g48463,45.0,30.0
g48465,52.0,32.0
g48467,500.0,434.0
g48469,462.0,256.0
g48471,159.0,172.0
g48473,62.0,196.0
g48475,342.0,120.0
g48477,468.0,289.0
g48479,32.0,13.0
g48481,365.0,150.0
g48483,338.0,427.0
g48485,470.0,498.0
g48487,113.0,95.0
g48489,23.0,23.0
g48491,65.0,82.0
g48493,106.0,268.0
g48495,459.0,281.0
g48497,40.0,107.0
g48499,285.0,187.0
g48501,138.0,402.0
g48503,466.0,311.0
g48505,47.0,17.0
g48507,9.0,4.0
g49001,269.0,230.0
g49003,101.0,86.0
g49005,86.0,91.0
g49007,209.0,228.0
g49009,17.0,260.0
g49011,165.0,30.0
g49013,100.0,49.0
g49015,186.0,102.0
g49017,135.0,257.0
g49019,82.0,270.0
g49021,208.0,140.0
g49023,156.0,126.0
g49025,91.0,266.0
g49027,220.0,202.0
g49029,30.0,17.0
g49031,8.0,141.0
g49033,270.0,166.0
g49035,105.0,98.0
g49037,67.0,89.0
g49039,216.0,121.0
g49041,176.0,149.0
g49043,48.0,12.0
g49045,66.0,45.0
g49047,38.0,43.0
g49049,53.0,46.0
g49051,96.0,55.0
g49053,173.0,256.0
g49055,277.0,175.0
g49057,267.0,136.0
g50001,15.0,19.0
g50003,29.0,46.0
g50005,53.0,67.0
g50007,8.0,11.0
g50009,40.0,42.0
g50011,35.0,20.0
g50013,6.0,7.0
g50015,10.0,25.0
g50017,20.0,23.0
g50019,21.0,49.0
g50021,67.0,66.0
g50023,27.0,32.0
g50025,28.0,53.0
g50027,44.0,50.0
g51001,58.0,142.0
g51003,66.0,57.0
g51005,186.0,139.0
g51007,128.0,74.0
g51009,159.0,216.0
g51011,281.0,274.0
g51013,24.0,6.0
g51015,103.0,90.0
g51017,79.0,91.0
g51019,71.0,60.0
g51021,183.0,63.0
g51023,34.0,54.0
g51025,6.0,93.0
g51027,119.0,206.0
g51029,38.0,165.0
g51031,138.0,164.0
g51033,155.0,94.0
g51035,163.0,234.0
g51036,43.0,174.0
g51037,92.0,126.0
g51041,63.0,40.0
g51043,53.0,41.0
g51045,191.0,263.0
g51047,205.0,67.0
g51049,184.0,242.0
g51051,107.0,253.0
g51053,268.0,145.0
g51057,104.0,150.0
g51059,113.0,9.0
g51061,45.0,25.0
g51063,157.0,155.0
g51065,67.0,141.0
g51067,188.0,163.0
g51069,73.0,48.0
g51071,185.0,233.0
g51073,88.0,78.0
g51075,19.0,12.0
g51077,114.0,135.0
g51079,176.0,86.0
g51081,7.0,64.0
g51083,93.0,82.0
g51085,15.0,31.0
g51087,98.0,103.0
g51089,168.0,147.0
g51091,250.0,102.0
g51093,76.0,59.0
g51095,126.0,112.0
g51097,225.0,92.0
g51099,41.0,17.0
g51101,20.0,45.0
g51103,16.0,20.0
g51105,134.0,173.0
g51107,29.0,1.0
g51109,116.0,75.0
g51111,48.0,284.0
g51113,244.0,281.0
g51115,231.0,201.0
g51117,25.0,77.0
g51119,101.0,208.0
g51121,62.0,47.0
g51125,144.0,151.0
g51127,35.0,27.0
g51131,18.0,56.0
g51133,87.0,88.0
g51135,22.0,116.0
g51137,192.0,186.0
g51139,209.0,235.0
g51141,72.0,89.0
g51143,232.0,179.0
g51145,52.0,8.0
g51147,82.0,176.0
g51149,90.0,14.0
g51153,233.0,23.0
g51155,256.0,275.0
g51157,83.0,81.0
g51159,17.0,128.0
g51161,61.0,111.0
g51163,196.0,248.0
g51165,143.0,117.0
g51167,259.0,243.0
g51169,124.0,188.0
g51171,252.0,217.0
g51173,154.0,122.0
g51175,110.0,197.0
g51177,102.0,42.0
g51179,44.0,11.0
g51181,255.0,104.0
g51183,10.0,136.0
g51185,248.0,277.0
g51187,97.0,80.0
g51191,109.0,157.0
g51193,78.0,162.0
g51195,235.0,178.0
g51197,271.0,257.0
g51199,28.0,29.0
g51510,115.0,44.0
g51515,85.0,16.0
g51520,189.0,33.0
g51530,234.0,76.0
g51540,167.0,211.0
g51550,50.0,46.0
g51570,241.0,99.0
g51580,282.0,202.0
g51590,57.0,22.0
g51595,2.0,4.0
g51600,149.0,24.0
g51610,8.0,7.0
g51620,55.0,10.0
g51630,171.0,268.0
g51640,3.0,2.0
g51650,158.0,177.0
g51660,129.0,143.0
g51670,77.0,51.0
g51678,40.0,72.0
g51680,270.0,97.0
g51683,21.0,113.0
g51685,4.0,266.0
g51690,36.0,5.0
g51700,223.0,272.0
g51710,251.0,195.0
g51720,160.0,69.0
g51730,5.0,13.0
g51735,12.0,18.0
g51740,227.0,120.0
g51750,206.0,190.0
g51760,121.0,87.0
g51770,130.0,61.0
g51775,148.0,222.0
g51790,280.0,49.0
g51800,94.0,83.0
g51810,70.0,58.0
g51820,260.0,100.0
g51830,147.0,212.0
g51840,69.0,108.0
g53001,7.0,33.0
g53003,21.0,40.0
g53005,81.0,36.0
g53007,98.0,83.0
g53009,42.0,35.0
g53011,35.0,27.0
g53013,59.0,25.0
g53015,34.0,102.0
g53017,94.0,105.0
g53019,90.0,62.0
g53021,22.0,56.0
g53023,97.0,57.0
g53025,32.0,85.0
g53027,40.0,59.0
g53029,31.0,60.0
g53031,113.0,77.0
g53033,1.0,2.0
g53035,27.0,18.0
g53037,100.0,72.0
g53039,86.0,116.0
g53041,65.0,100.0
g53043,89.0,114.0
g53045,118.0,111.0
g53047,18.0,21.0
g53049,73.0,17.0
g53051,37.0,96.0
g53053,45.0,39.0
g53055,77.0,98.0
g53057,117.0,93.0
g53059,43.0,13.0
g53061,17.0,5.0
g53063,119.0,73.0
g53065,108.0,101.0
g53067,70.0,42.0
g53069,116.0,115.0
g53071,50.0,81.0
g53073,96.0,54.0
g53075,71.0,24.0
g53077,4.0,16.0
g54001,212.0,182.0
g54003,112.0,96.0
g54005,224.0,166.0
g54007,180.0,240.0
g54009,266.0,114.0
g54011,195.0,158.0
g54013,150.0,205.0
g54015,132.0,269.0
g54017,84.0,228.0
g54019,105.0,125.0
g54021,14.0,199.0
g54023,269.0,249.0
g54025,146.0,101.0
g54027,274.0,204.0
g54029,249.0,138.0
g54031,80.0,198.0
g54033,217.0,189.0
g54035,222.0,225.0
g54037,106.0,68.0
g54039,135.0,231.0
g54041,193.0,154.0
g54043,136.0,180.0
g54045,198.0,200.0
g54047,23.0,53.0
g54049,220.0,229.0
g54051,177.0,238.0
g54053,221.0,214.0
g54055,236.0,118.0
g54057,277.0,159.0
g54059,247.0,271.0
g54061,86.0,55.0
g54063,170.0,250.0
g54065,230.0,215.0
g54067,226.0,262.0
g54069,273.0,65.0
g54071,99.0,224.0
g54073,133.0,237.0
g54075,30.0,130.0
g54077,264.0,123.0
g54079,60.0,62.0
g54081,258.0,273.0
g54083,137.0,218.0
g54085,139.0,152.0
g54087,118.0,106.0
g54089,91.0,50.0
g54091,190.0,261.0
g54093,173.0,260.0
g54095,89.0,119.0
g54097,261.0,256.0
g54099,213.0,236.0
g54101,81.0,107.0
g54103,219.0,181.0
g54105,210.0,70.0
g54107,145.0,251.0
g54109,254.0,232.0
g55001,469.0,353.0
g55003,74.0,164.0
g55005,345.0,436.0
g55007,221.0,249.0
g55009,351.0,180.0
g55011,367.0,217.0
g55013,148.0,85.0
g55015,48.0,23.0
g55017,134.0,163.0
g55019,260.0,415.0
g55021,132.0,123.0
g55023,480.0,467.0
g55025,93.0,50.0
g55027,81.0,87.0
g55029,335.0,200.0
g55031,404.0,512.0
g55033,94.0,126.0
g55035,184.0,215.0
g55037,255.0,150.0
g55039,409.0,342.0
g55041,38.0,44.0
g55043,177.0,197.0
g55045,252.0,187.0
g55047,305.0,406.0
g55049,114.0,103.0
g55051,58.0,40.0
g55053,505.0,479.0
g55055,200.0,159.0
g55057,274.0,378.0
g55059,463.0,208.0
g55061,136.0,84.0
g55063,249.0,259.0
g55065,334.0,147.0
g55067,287.0,358.0
g55069,350.0,411.0
g55071,426.0,351.0
g55073,182.0,92.0
g55075,375.0,390.0
g55077,479.0,385.0
g55078,1.0,1.0
g55079,7.0,142.0
g55081,311.0,273.0
g55083,191.0,143.0
g55085,470.0,364.0
g55087,110.0,62.0
g55089,35.0,22.0
g55091,509.0,425.0
g55093,39.0,57.0
g55095,278.0,274.0
g55097,157.0,140.0
g55099,415.0,470.0
g55101,421.0,301.0
g55103,457.0,510.0
g55105,432.0,422.0
g55107,236.0,384.0
g55109,31.0,26.0
g55111,337.0,313.0
g55113,14.0,42.0
g55115,224.0,326.0
g55117,341.0,232.0
g55119,401.0,181.0
g55121,502.0,288.0
g55123,418.0,443.0
g55125,73.0,56.0
g55127,439.0,322.0
g55129,189.0,156.0
g55131,59.0,41.0
g55133,41.0,28.0
g55135,481.0,491.0
g55137,472.0,492.0
g55139,205.0,210.0
g55141,521.0,511.0
g56001,76.0,58.0
g56003,290.0,227.0
g56005,9.0,8.0
g56007,172.0,110.0
g56009,103.0,85.0
g56011,157.0,95.0
g56013,249.0,225.0
g56015,253.0,240.0
g56017,142.0,154.0
g56019,153.0,112.0
g56021,284.0,162.0
g56023,125.0,76.0
g56025,110.0,107.0
g56027,92.0,213.0
g56029,291.0,214.0
g56031,107.0,207.0
g56033,265.0,194.0
g56035,10.0,5.0
g56037,40.0,23.0
g56039,81.0,47.0
g56041,97.0,78.0
g56043,288.0,264.0
g56045,117.0,97.0
