Geo_FIPS,sovi,rank,state_id
g06001,-2.456299769997135,48.0,g06
g06003,-4.709125302942581,58.0,g06
g06005,0.5359487622603134,20.0,g06
g06007,-0.1346695682310841,26.0,g06
g06009,-3.131540786720486,52.0,g06
g06011,5.3119599199856715,3.0,g06
g06013,-3.2474743705851994,53.0,g06
g06015,2.843015237245953,10.0,g06
g06017,-4.267481392543992,56.0,g06
g06019,1.6987530558352772,16.0,g06
g06021,2.7412350678720907,11.0,g06
g06023,-1.6701281040291913,44.0,g06
g06025,3.8443779253052313,6.0,g06
g06027,-0.6629374329407207,31.0,g06
g06029,2.4407952633013834,12.0,g06
g06031,5.5000117751192565,1.0,g06
g06033,0.8243765446525491,19.0,g06
g06035,4.631619791593421,5.0,g06
g06037,0.21638648611475053,23.0,g06
g06039,3.8315149032211626,7.0,g06
g06041,-1.4792090465256507,42.0,g06
g06043,-0.08858291908495985,25.0,g06
g06045,0.2989202205638194,22.0,g06
g06047,2.393812112078865,13.0,g06
g06049,5.174922574597744,4.0,g06
g06051,-4.295684377480649,57.0,g06
g06053,3.285979268822144,9.0,g06
g06055,1.730016844786073,15.0,g06
g06057,-2.768975456557551,50.0,g06
g06059,-0.7841864633904092,32.0,g06
g06061,-4.0575730191297,55.0,g06
g06063,-0.9346877092998233,34.0,g06
g06065,-1.7800021200448748,45.0,g06
g06067,-2.8995745497950103,51.0,g06
g06069,-0.016249074367922223,24.0,g06
g06071,-2.584778290902844,49.0,g06
g06073,-1.565384594069811,43.0,g06
g06075,5.425293045622173,2.0,g06
g06077,-0.7921731140494132,33.0,g06
g06079,-0.26198915373706466,29.0,g06
g06081,-1.2783931382776696,40.0,g06
g06083,1.9975267009371425,14.0,g06
g06085,-1.248946997744105,39.0,g06
g06087,-0.28041700434274497,30.0,g06
g06089,-1.0750778717097282,36.0,g06
g06091,-1.9082216131892604,47.0,g06
g06093,-0.17318893923146367,27.0,g06
g06095,-3.7113481242895703,54.0,g06
g06097,-1.1325306135280289,37.0,g06
g06099,0.4984147306469779,21.0,g06
g06101,0.8972840503307006,18.0,g06
g06103,1.2396847807135765,17.0,g06
g06105,-1.4052231731142468,41.0,g06
g06107,3.632639877806728,8.0,g06
g06109,-0.20217835691604663,28.0,g06
g06111,-1.2385062903855755,38.0,g06
g06113,-1.8129340155251055,46.0,g06
g06115,-0.9388161847333352,35.0,g06
g13001,1.998499158766293,27.0,g13
g13003,4.206944379338965,10.0,g13
g13005,0.991497731439305,59.0,g13
g13007,3.25409829121556,15.0,g13
g13009,0.030218009540861734,81.0,g13
g13011,-0.28624196795496193,90.0,g13
g13013,-2.435987413110155,130.0,g13
g13015,-3.0441965042581014,140.0,g13
g13017,1.4045388988345344,40.0,g13
g13019,1.3124292058796962,44.0,g13
g13021,-0.8582140869325621,103.0,g13
g13023,-0.5413037169809006,95.0,g13
g13025,-0.48169068864905207,94.0,g13
g13027,2.0356947309076725,26.0,g13
g13029,-4.409649221022681,151.0,g13
g13031,-2.8695611385558393,137.0,g13
g13033,-0.3953111264377091,92.0,g13
g13035,-0.9022223147430766,105.0,g13
g13037,8.482490188534864,1.0,g13
g13039,-4.8516247743295935,156.0,g13
g13043,1.8588750069813327,30.0,g13
g13045,-2.705616431413931,133.0,g13
g13047,-3.663928498521743,146.0,g13
g13049,1.2647899252968458,46.0,g13
g13051,-1.8957913168944704,121.0,g13
g13053,-7.384390305664134,159.0,g13
g13055,0.9865672284475081,60.0,g13
g13057,-3.705435471916282,147.0,g13
g13059,-0.00015307452111246178,83.0,g13
g13061,6.825416441071387,3.0,g13
g13063,-0.8915739133027103,104.0,g13
g13065,0.710294675927476,69.0,g13
g13067,-0.6871737983398911,97.0,g13
g13069,0.8769025292210151,61.0,g13
g13071,2.787465348459383,18.0,g13
g13073,-3.226206435702394,143.0,g13
g13075,-0.15540963112515943,88.0,g13
g13077,-2.978027026689976,138.0,g13
g13079,-3.1408271790486766,141.0,g13
g13081,0.12564387720079068,80.0,g13
g13083,-2.121104335539759,125.0,g13
g13085,-2.3223256691955285,129.0,g13
g13087,0.2966661369803164,76.0,g13
g13089,0.6599086106787142,70.0,g13
g13091,1.1071409998585329,52.0,g13
g13093,3.5464170496978147,13.0,g13
g13095,-1.419018007286039,114.0,g13
g13097,-4.128428694752128,149.0,g13
g13099,1.711377499785805,34.0,g13
g13101,5.336142308205395,6.0,g13
g13103,-5.38676815580935,157.0,g13
g13105,0.2418464892115354,78.0,g13
g13107,1.0119427515229615,58.0,g13
g13109,1.253480336164067,47.0,g13
g13111,-0.7823399829103475,99.0,g13
g13113,-2.4499405723992544,131.0,g13
g13115,-0.24355923705696264,89.0,g13
g13117,-1.9030739685477802,122.0,g13
g13119,0.8558225380893322,62.0,g13
g13121,1.2027116551247015,49.0,g13
g13123,1.8431016331277599,32.0,g13
g13125,2.6369262508493128,21.0,g13
g13127,-0.9369890051749843,107.0,g13
g13129,-0.09409012456127358,86.0,g13
g13131,0.7272012581964487,68.0,g13
g13133,2.6582671197445724,20.0,g13
g13135,0.7895138490166513,66.0,g13
g13137,0.2795398252732928,77.0,g13
g13139,1.3696527702156047,42.0,g13
g13141,4.51644751997556,9.0,g13
g13143,-1.054085184611401,110.0,g13
g13145,-3.287586796303724,144.0,g13
g13147,1.042741564005758,56.0,g13
g13149,-0.9389795697304174,108.0,g13
g13151,-4.493352733403144,153.0,g13
g13153,-2.789679826160126,136.0,g13
g13155,1.2430761094559246,48.0,g13
g13157,-1.94231093593045,123.0,g13
g13159,-2.470265767927896,132.0,g13
g13161,0.8261067787356664,65.0,g13
g13163,1.100731733940972,53.0,g13
g13165,1.7947735292494675,33.0,g13
g13167,2.9144001332434444,17.0,g13
g13169,-2.769354629045548,135.0,g13
g13171,-1.7187577772139242,117.0,g13
g13173,-0.8538885208559637,101.0,g13
g13175,-0.12227518387085312,87.0,g13
g13177,-3.8535158492630393,148.0,g13
g13179,-4.433820533813303,152.0,g13
g13181,0.8459705377577442,64.0,g13
g13183,-4.340930353573931,150.0,g13
g13185,-3.029867512719064,139.0,g13
g13187,-3.5400499668198577,145.0,g13
g13189,-0.8119917679758676,100.0,g13
g13191,-1.84018624346981,120.0,g13
g13193,3.264443112225785,14.0,g13
g13195,-1.503519037407626,116.0,g13
g13197,3.2043838463548946,16.0,g13
g13199,-0.936910504900353,106.0,g13
g13201,2.177563942157374,23.0,g13
g13205,2.123420011787601,25.0,g13
g13207,-1.5032640687044005,115.0,g13
g13209,1.3776497608853893,41.0,g13
g13211,-1.1169474442805853,111.0,g13
g13213,-0.31693777073698803,91.0,g13
g13215,-1.7194949847484424,118.0,g13
g13217,-4.8104675062964235,155.0,g13
g13219,-2.163073551821215,126.0,g13
g13221,-0.7792764291776849,98.0,g13
g13223,-5.698626638251087,158.0,g13
g13225,0.020111629639818718,82.0,g13
g13227,-1.724605714573603,119.0,g13
g13229,0.4832513626048532,72.0,g13
g13231,-4.760040483205101,154.0,g13
g13233,0.44072335431581655,73.0,g13
g13235,1.0440899506117365,55.0,g13
g13237,1.0202044767864151,57.0,g13
g13239,0.6445260126635939,71.0,g13
g13241,2.471126716843883,22.0,g13
g13243,4.5876082703210415,7.0,g13
g13245,-2.007315368745024,124.0,g13
g13247,-2.76810832271877,134.0,g13
g13249,-0.05334992401022076,84.0,g13
g13251,0.34012666483509063,75.0,g13
g13253,1.4943555601762641,38.0,g13
g13255,-2.242770938817545,127.0,g13
g13257,-0.9642599078453422,109.0,g13
g13259,7.176171693374821,2.0,g13
g13261,1.1405793279606296,51.0,g13
g13263,0.13586194147213304,79.0,g13
g13265,3.695764207766237,12.0,g13
g13267,3.7350860858368105,11.0,g13
g13269,1.4914226990433084,39.0,g13
g13271,6.111127997587484,5.0,g13
g13273,1.9633421049460482,28.0,g13
g13275,0.7584858445478844,67.0,g13
g13277,0.8519421659373301,63.0,g13
g13279,1.859153309136907,29.0,g13
g13281,1.3670072823361021,43.0,g13
g13283,1.278140965383328,45.0,g13
g13285,-1.2757825758222254,113.0,g13
g13287,1.0829367623779675,54.0,g13
g13289,1.6064889056516627,37.0,g13
g13291,1.8457995694623597,31.0,g13
g13293,-0.657085043776237,96.0,g13
g13295,-2.315106525806645,128.0,g13
g13297,-3.1552081916370254,142.0,g13
g13299,1.1411782512000346,50.0,g13
g13301,2.777288362936729,19.0,g13
g13303,1.6434052901961036,35.0,g13
g13305,-0.07962770931626331,85.0,g13
g13307,1.6066890100295543,36.0,g13
g13309,6.6140707536036025,4.0,g13
g13311,-1.196493389511772,112.0,g13
g13313,2.133933719873595,24.0,g13
g13315,4.541451707288572,8.0,g13
g13317,-0.8571307821579635,102.0,g13
g13319,0.38215915306407716,74.0,g13
g13321,-0.40286864208841633,93.0,g13
g16001,0.48390383644967816,24.0,g16
g16003,-0.4727743503119515,30.0,g16
g16005,1.0730192253372,19.0,g16
g16007,-2.1032200386296513,34.0,g16
g16009,5.147539773332989,1.0,g16
g16011,1.2008010239756026,16.0,g16
g16013,-6.397038002878895,44.0,g16
g16015,-2.240251502789587,35.0,g16
g16017,-0.3872956906381241,28.0,g16
g16019,-1.1055023677089777,31.0,g16
g16021,-0.0013060412616156536,26.0,g16
g16023,-0.13883532657666509,27.0,g16
g16025,-1.4166825938718934,33.0,g16
g16027,3.1783976792094593,4.0,g16
g16029,-3.435915837042492,38.0,g16
g16031,1.176834784424019,17.0,g16
g16033,1.6592029287631562,14.0,g16
g16035,1.138297492928085,18.0,g16
g16037,-3.1194506737489385,37.0,g16
g16039,3.0231166741976425,5.0,g16
g16041,-5.4397423897158514,42.0,g16
g16043,-5.054223640046086,41.0,g16
g16045,2.730721244271395,7.0,g16
g16047,0.8134141481335924,21.0,g16
g16049,2.268316329689865,12.0,g16
g16051,-3.799908999589525,39.0,g16
g16053,2.743939786075382,6.0,g16
g16055,-0.39352177447479236,29.0,g16
g16057,0.8109870128898251,22.0,g16
g16059,1.2763934114133408,15.0,g16
g16061,2.454389392866328,10.0,g16
g16063,0.5334752990795537,23.0,g16
g16065,-1.3831866143270388,32.0,g16
g16067,0.9966916482143245,20.0,g16
g16069,2.6475358703458562,8.0,g16
g16071,-2.5269021028079153,36.0,g16
g16073,3.7644374580562836,2.0,g16
g16075,2.5308519409510555,9.0,g16
g16077,0.25103496534259107,25.0,g16
g16079,2.3670671251693713,11.0,g16
g16081,-4.866125274763699,40.0,g16
g16083,1.8739331901412295,13.0,g16
g16085,-5.615777480079381,43.0,g16
g16087,3.75335846000522,3.0,g16
g17001,-1.1297133850337449,73.0,g17
g17003,6.515282802535532,2.0,g17
g17005,-0.47861268684697855,60.0,g17
g17007,-4.003799849637105,95.0,g17
g17009,3.6947855036656696,9.0,g17
g17011,-0.14702064754833244,52.0,g17
g17013,1.3485429321667162,26.0,g17
g17015,0.8659938577105795,33.0,g17
g17017,-0.28186850518327644,56.0,g17
g17019,1.8372083679620712,20.0,g17
g17021,0.23808231991993237,46.0,g17
g17023,0.10268847608411807,49.0,g17
g17025,3.0853553918926604,13.0,g17
g17027,-2.2164692200140053,89.0,g17
g17029,0.3735489763233949,42.0,g17
g17031,-0.8709063046857104,66.0,g17
g17033,2.957006426148037,14.0,g17
g17035,-0.18654690713357622,53.0,g17
g17037,-1.871080640555498,84.0,g17
g17039,-1.6873065576234132,80.0,g17
g17041,-1.836176313276987,83.0,g17
g17043,-4.47258223308948,97.0,g17
g17045,0.6126988742831738,38.0,g17
g17047,0.654583413318087,36.0,g17
g17049,-2.0158596286624766,87.0,g17
g17051,1.0663937083284902,29.0,g17
g17053,-0.9482112276319289,69.0,g17
g17055,2.2626338519978493,17.0,g17
g17057,0.3616383215122305,43.0,g17
g17059,5.381813961154475,4.0,g17
g17061,0.2055758357616378,48.0,g17
g17063,-3.867127022918354,94.0,g17
g17065,3.463398491192663,11.0,g17
g17067,0.5258591346234326,40.0,g17
g17069,8.078314944314602,1.0,g17
g17071,0.9497522023197416,32.0,g17
g17073,-1.5780533265403118,79.0,g17
g17075,-0.6108997521549703,62.0,g17
g17077,5.878019315039209,3.0,g17
g17079,-0.544297580951876,61.0,g17
g17081,1.933364598016785,19.0,g17
g17083,-2.1338364834617636,88.0,g17
g17085,1.370723165218191,25.0,g17
g17087,3.4490260665274306,12.0,g17
g17089,-5.341652456087013,99.0,g17
g17091,-1.6906262064357125,81.0,g17
g17093,-7.672562536545637,102.0,g17
g17095,0.7932998798280059,35.0,g17
g17097,-4.805932378902415,98.0,g17
g17099,-1.4725584377276273,76.0,g17
g17101,4.043827327755544,7.0,g17
g17103,-1.0819278481292463,72.0,g17
g17105,-0.6745040299286971,63.0,g17
g17107,0.34679455203798737,44.0,g17
g17109,2.457311014752622,16.0,g17
g17111,-5.702502220198675,101.0,g17
g17113,-1.8073592195935007,82.0,g17
g17115,-0.33059102427943177,58.0,g17
g17117,-1.0680145858500116,71.0,g17
g17119,-1.5525510985180258,77.0,g17
g17121,1.1940515621654468,28.0,g17
g17123,-0.6985556219274238,65.0,g17
g17125,1.4509669292865297,23.0,g17
g17127,1.04340108333967,30.0,g17
g17129,-1.907859769155415,86.0,g17
g17131,-1.5533491697254385,78.0,g17
g17133,-4.445782797584285,96.0,g17
g17135,0.581006720509766,39.0,g17
g17137,-0.23917219964426584,54.0,g17
g17139,-1.8964757997171078,85.0,g17
g17141,-2.9121162053233087,92.0,g17
g17143,0.013805685725349792,50.0,g17
g17145,4.399719457497196,5.0,g17
g17147,-2.7009031365589706,91.0,g17
g17149,2.9343853186358158,15.0,g17
g17151,3.759979455659486,8.0,g17
g17153,4.305885125453429,6.0,g17
g17155,0.3001169362581033,45.0,g17
g17157,1.321190466084499,27.0,g17
g17159,0.4006554924239849,41.0,g17
g17161,-0.9498603632182732,70.0,g17
g17163,-0.9356058891850869,68.0,g17
g17165,3.506391020538051,10.0,g17
g17167,-1.3550707400930637,75.0,g17
g17169,1.7055635257331607,22.0,g17
g17171,-0.3711017094381138,59.0,g17
g17173,-0.11044110598495582,51.0,g17
g17175,-0.6796473522486125,64.0,g17
g17177,-0.2659240509511026,55.0,g17
g17179,-2.598374093623775,90.0,g17
g17181,1.40627665542247,24.0,g17
g17183,0.6297266673085735,37.0,g17
g17185,0.23581375108994562,47.0,g17
g17187,0.9519018908389832,31.0,g17
g17189,-0.9075245681110049,67.0,g17
g17191,0.8654924411712073,34.0,g17
g17193,1.747110361162135,21.0,g17
g17195,-0.2881229724101788,57.0,g17
g17197,-5.588312148821318,100.0,g17
g17199,1.9990678026714572,18.0,g17
g17201,-1.2580859185883155,74.0,g17
g17203,-3.862596133910377,93.0,g17
g23001,-0.6911139097729565,24.0,g23g33g25
g23003,3.8007135567522674,4.0,g23g33g25
g23005,-2.4858944140336794,37.0,g23g33g25
g23007,0.3457841949014204,17.0,g23g33g25
g23009,-1.2623158402515444,29.0,g23g33g25
g23011,-0.21601372877202418,20.0,g23g33g25
g23013,-0.4136755857901438,22.0,g23g33g25
g23015,1.159286536977348,11.0,g23g33g25
g23017,0.9678327245309188,14.0,g23g33g25
g23019,-1.3745653838053937,30.0,g23g33g25
g23021,2.5653268411713626,6.0,g23g33g25
g23023,-2.304577534528553,34.0,g23g33g25
g23025,0.984301880518642,13.0,g23g33g25
g23027,-1.1816831913001238,25.0,g23g33g25
g23029,5.011944848053844,2.0,g23g33g25
g23031,-2.2028196748360203,32.0,g23g33g25
g25001,2.395529871854533,7.0,g23g33g25
g25003,2.3835035607339394,8.0,g23g33g25
g25005,3.966439354987309,3.0,g23g33g25
g25007,1.0011979010798444,12.0,g23g33g25
g25009,3.1110569015196026,5.0,g23g33g25
g25011,-0.38687055043340013,21.0,g23g33g25
g25013,7.190998475422106,1.0,g23g33g25
g25015,-1.211683663451371,26.0,g23g33g25
g25017,-1.2163236311407577,27.0,g23g33g25
g25019,-6.72824500652184,40.0,g23g33g25
g25021,0.02070339486050965,19.0,g23g33g25
g25023,0.7931910288808468,16.0,g23g33g25
g25025,2.0087129519082088,9.0,g23g33g25
g25027,0.950947322551987,15.0,g23g33g25
g29001,1.0995986990949778,39.0,g29
g29003,-3.4495157347888785,102.0,g29
g29005,-1.4884901447407581,81.0,g29
g29007,0.9161804930067983,45.0,g29
g29009,0.8293713736222892,50.0,g29
g29011,-0.9775151172971777,74.0,g29
g29013,-1.0815788680976706,75.0,g29
g29015,2.4081093040276933,22.0,g29
g29017,-3.494699672273652,103.0,g29
g29019,-1.1314349653250286,78.0,g29
g29021,0.5353713592363221,54.0,g29
g29023,2.3907087081747935,24.0,g29
g29025,-1.9787084551637273,89.0,g29
g29027,-3.0465986343005067,101.0,g29
g29029,1.950203604775734,29.0,g29
g29031,-0.4034345504928496,67.0,g29
g29033,-1.6175395065832174,84.0,g29
g29035,3.080067142381937,12.0,g29
g29037,-3.766414743720582,107.0,g29
g29039,1.6911481969885613,30.0,g29
g29041,1.2306120630799133,35.0,g29
g29043,-4.355581705206091,109.0,g29
g29045,-1.6939916811245113,85.0,g29
g29047,-2.6127415676187953,96.0,g29
g29049,-2.2632361306507254,94.0,g29
g29051,-1.804202038014099,86.0,g29
g29053,-1.8243381385456634,87.0,g29
g29055,-0.10554581110817612,63.0,g29
g29057,0.8722606749125194,48.0,g29
g29059,-2.0670111103169013,91.0,g29
g29061,-1.9246666107545023,88.0,g29
g29063,-7.34528676403567,115.0,g29
g29065,-0.20189483914859613,66.0,g29
g29067,-1.174721570613802,79.0,g29
g29069,4.309969561996311,4.0,g29
g29071,-3.5741087837507592,105.0,g29
g29073,1.0007893077010936,42.0,g29
g29075,2.4615284095161303,21.0,g29
g29077,0.5281025304723438,55.0,g29
g29079,1.1986210111289397,36.0,g29
g29081,-0.19590562898998803,65.0,g29
g29083,1.056290394497493,40.0,g29
g29085,5.712039791601726,3.0,g29
g29087,2.5049589865553044,20.0,g29
g29089,-0.10241327792450633,62.0,g29
g29091,0.858969390310144,49.0,g29
g29093,2.039272965777549,28.0,g29
g29095,2.506851343308852,19.0,g29
g29097,2.5542153734304502,18.0,g29
g29099,-5.073682660635739,112.0,g29
g29101,-2.262437079098809,93.0,g29
g29103,1.1490945749400572,38.0,g29
g29105,-0.8377504319672694,73.0,g29
g29107,-2.4677401933106573,95.0,g29
g29109,1.1834050166636447,37.0,g29
g29111,0.499936128776443,58.0,g29
g29113,-4.828580395218089,111.0,g29
g29115,0.884715190048526,47.0,g29
g29117,2.690746822918262,16.0,g29
g29119,3.618917540258837,7.0,g29
g29121,2.235080357610505,26.0,g29
g29123,0.8029111151012851,51.0,g29
g29125,-1.1283281717613014,77.0,g29
g29127,1.5567592678693887,32.0,g29
g29129,2.7448412558652597,15.0,g29
g29131,0.5120061862258404,56.0,g29
g29133,-0.10700351862160962,64.0,g29
g29135,-2.0687306924853432,92.0,g29
g29137,0.6723207738881501,52.0,g29
g29139,0.5056274230870328,57.0,g29
g29141,2.6544162064676167,17.0,g29
g29143,3.509229816970621,8.0,g29
g29145,1.2310087542665398,34.0,g29
g29147,-0.7104096583768961,72.0,g29
g29149,1.3690633193090158,33.0,g29
g29151,-5.968117095272527,113.0,g29
g29153,1.5895789854956712,31.0,g29
g29155,4.037961315373137,5.0,g29
g29157,-3.0111505178860427,100.0,g29
g29159,0.13969670875199036,60.0,g29
g29161,-1.2521619971150513,80.0,g29
g29163,-1.0965836831472582,76.0,g29
g29165,-3.664481689629117,106.0,g29
g29167,-1.4912723873524039,82.0,g29
g29169,-2.6477149813516814,98.0,g29
g29171,0.6041166007126557,53.0,g29
g29173,-2.6192331249352865,97.0,g29
g29175,-2.0470230915263725,90.0,g29
g29177,-3.5689187776165743,104.0,g29
g29179,3.071117373342271,13.0,g29
g29181,2.167146634979449,27.0,g29
g29183,-6.163823240058594,114.0,g29
g29185,2.8041664672139417,14.0,g29
g29186,-4.613707637215158,110.0,g29
g29187,-1.5000008774784983,83.0,g29
g29189,-0.4476286483456815,68.0,g29
g29195,2.265920038143496,25.0,g29
g29197,1.0145023033615963,41.0,g29
g29199,-0.5915462684196191,69.0,g29
g29201,0.8869615753493401,46.0,g29
g29203,0.965218428083,44.0,g29
g29205,0.9971970026178605,43.0,g29
g29207,-0.6206288084834304,70.0,g29
g29209,3.1750617264259686,10.0,g29
g29211,6.215042418857977,2.0,g29
g29213,3.16228203859532,11.0,g29
g29215,-0.04776783926527006,61.0,g29
g29217,3.455403016439488,9.0,g29
g29219,-2.8136356484499303,99.0,g29
g29221,-0.6290228831627531,71.0,g29
g29223,2.405910616527978,23.0,g29
g29225,-3.827194010590503,108.0,g29
g29227,3.7701060598202534,6.0,g29
g29229,0.22880145564557236,59.0,g29
g29510,7.2763408577624755,1.0,g29
g33001,0.2726607876293081,18.0,g23g33g25
g33003,-0.4723883811976881,23.0,g23g33g25
g33005,-2.424054669956685,36.0,g23g33g25
g33007,1.32968054712055,10.0,g23g33g25
g33009,-2.3192633484554257,35.0,g23g33g25
g33011,-2.2819351312352762,33.0,g23g33g25
g33013,-1.3957112277406052,31.0,g23g33g25
g33015,-4.700843090013402,39.0,g23g33g25
g33017,-3.732863616640371,38.0,g23g33g25
g33019,-1.2569711015770217,28.0,g23g33g25
g36001,0.870924643542509,23.0,g36
g36003,-0.4108041665248154,42.0,g36
g36005,6.3438715685452705,1.0,g36
g36007,2.049058693094941,15.0,g36
g36009,0.14727085384029037,35.0,g36
g36011,0.16837000504674213,34.0,g36
g36013,2.754872199221345,10.0,g36
g36015,3.3539585489305894,5.0,g36
g36017,2.103428223995479,13.0,g36
g36019,-0.9298125077046453,45.0,g36
g36021,3.2360254262245878,6.0,g36
g36023,0.1827751821093851,33.0,g36
g36025,3.476594607186642,4.0,g36
g36027,-2.999176176984319,52.0,g36
g36029,2.0537091842970012,14.0,g36
g36031,1.379241382636092,17.0,g36
g36033,-5.990139845944358,61.0,g36
g36035,4.028233881233477,2.0,g36
g36037,0.06965625292189492,38.0,g36
g36039,0.9293876140383213,22.0,g36
g36041,3.0125675585147413,7.0,g36
g36043,2.7841175611941367,9.0,g36
g36045,-1.485258333409232,49.0,g36
g36047,1.2072168191923143,19.0,g36
g36049,-1.356938968797498,48.0,g36
g36051,-0.31239900154129235,41.0,g36
g36053,-1.3278347229105503,47.0,g36
g36055,1.0935669684133662,20.0,g36
g36057,3.8366187833048695,3.0,g36
g36059,-4.873088778679684,60.0,g36
g36061,0.7247423665811954,25.0,g36
g36063,1.5963550647108184,16.0,g36
g36065,2.966902768610436,8.0,g36
g36067,0.6242225506769352,27.0,g36
g36069,0.3464196696793539,32.0,g36
g36071,-4.35726150548511,57.0,g36
g36073,0.8642026298593661,24.0,g36
g36075,-0.6586804344376385,43.0,g36
g36077,2.546076390658295,11.0,g36
g36079,-6.72537040672686,62.0,g36
g36081,-3.0032413160790625,53.0,g36
g36083,0.5574501485458909,28.0,g36
g36085,-3.3287894724300076,55.0,g36
g36087,-4.120176291773016,56.0,g36
g36089,0.37089357677802226,31.0,g36
g36091,-3.160193604688171,54.0,g36
g36093,0.7132179047231342,26.0,g36
g36095,-0.8694210508359881,44.0,g36
g36097,0.1325290380172628,36.0,g36
g36099,0.3985435732878448,30.0,g36
g36101,1.0913990970928094,21.0,g36
g36103,-4.844254663063202,59.0,g36
g36105,0.4442671581534665,29.0,g36
g36107,-1.2461088870086583,46.0,g36
g36109,-4.594242756358368,58.0,g36
g36111,0.0924296404332739,37.0,g36
g36113,1.3742688425542877,18.0,g36
g36115,-0.0011936954146731793,40.0,g36
g36117,0.059215965703363294,39.0,g36
g36119,-2.638999462440067,50.0,g36
g36121,-2.9283721521379946,51.0,g36
g36123,2.1771558578253325,12.0,g36
g46003,1.1189016102200657,19.0,g46
g46005,4.745278689563955,5.0,g46
g46007,2.0312179688846848,12.0,g46
g46009,-1.8781787897128472,49.0,g46
g46011,-0.46256849501497155,37.0,g46
g46013,-0.7694742652993946,42.0,g46
g46015,-0.007224712553054291,32.0,g46
g46017,0.56225007839051,25.0,g46
g46019,1.1722501968567853,18.0,g46
g46021,3.055543065330159,8.0,g46
g46023,-0.04758655377354316,33.0,g46
g46025,-0.3718196166821931,35.0,g46
g46027,0.45436701386227984,26.0,g46
g46029,-1.9199657423942362,50.0,g46
g46031,1.1175439889439678,20.0,g46
g46033,2.2428676755874237,11.0,g46
g46035,-2.0148680882442234,51.0,g46
g46037,1.4872714271225007,17.0,g46
g46039,-1.3340801979747536,46.0,g46
g46041,1.8541940288713041,14.0,g46
g46043,-3.187612953961973,62.0,g46
g46045,-2.4404307246085897,58.0,g46
g46047,5.002600400283684,3.0,g46
g46049,-0.9510124080921433,45.0,g46
g46051,-0.45674531136447405,36.0,g46
g46053,0.3980943125600572,27.0,g46
g46055,-2.574332548849304,59.0,g46
g46057,-2.230696528918402,55.0,g46
g46059,-0.8067810559807591,43.0,g46
g46061,-3.478432368503631,63.0,g46
g46063,-0.917997110847758,44.0,g46
g46065,-2.2298988627024916,54.0,g46
g46067,-2.2557386301899136,56.0,g46
g46069,1.761932418739757,16.0,g46
g46071,-0.6816651215742202,38.0,g46
g46073,1.9123749322743313,13.0,g46
g46075,3.094304325272366,7.0,g46
g46077,-1.405779469963472,47.0,g46
g46079,-0.19046651306115678,34.0,g46
g46081,0.8236687686832911,24.0,g46
g46083,-5.618322732419508,66.0,g46
g46085,0.1708356144304013,30.0,g46
g46087,-3.5003520708484412,64.0,g46
g46089,0.8356916183232166,22.0,g46
g46091,1.7710568050471853,15.0,g46
g46093,-0.7008876619236717,39.0,g46
g46095,2.4433063694721673,10.0,g46
g46097,-2.2692776364630927,57.0,g46
g46099,3.612019704358654,6.0,g46
g46101,-2.8458764518591044,61.0,g46
g46103,0.3239681963356015,29.0,g46
g46105,-0.7424316880005281,40.0,g46
g46107,4.868725724757089,4.0,g46
g46109,0.8336252450799401,23.0,g46
g46111,-0.7639767750176006,41.0,g46
g46113,6.085098602602137,1.0,g46
g46115,-1.7198574194530976,48.0,g46
g46117,-2.2129842119759098,52.0,g46
g46119,-2.5817741451055203,60.0,g46
g46121,3.003897283642053,9.0,g46
g46123,0.9225149117834925,21.0,g46
g46125,-2.215859505333049,53.0,g46
g46127,-5.429076688211026,65.0,g46
g46129,0.3975637650443395,28.0,g46
g46135,0.03827506309954909,31.0,g46
g46137,5.072793251454964,2.0,g46
g48001,3.072855863109207,32.0,g48
g48003,-3.4850803320990495,226.0,g48
g48005,0.7031299323558435,102.0,g48
g48007,0.24249688758840326,125.0,g48
g48009,-3.470962035611909,224.0,g48
g48011,-0.3996993847146826,152.0,g48
g48013,-2.2899139482855566,209.0,g48
g48015,-2.3724432685417995,210.0,g48
g48017,-0.10719888417794476,135.0,g48
g48019,-2.7657291539851236,217.0,g48
g48021,-3.6542029112968812,227.0,g48
g48023,1.0644431221979398,88.0,g48
g48025,4.3600871391060245,7.0,g48
g48027,0.28754121382771614,118.0,g48
g48029,1.0896585623095452,85.0,g48
g48031,-2.8549978877545166,218.0,g48
g48033,-6.407733723406729,251.0,g48
g48035,0.44152474298836664,108.0,g48
g48037,2.109737747595337,54.0,g48
g48039,-2.9913359825482604,220.0,g48
g48041,0.2521434070398405,122.0,g48
g48043,-1.8710807627163681,198.0,g48
g48045,1.0759256656081493,86.0,g48
g48047,8.374642635035983,1.0,g48
g48049,0.443035862279171,107.0,g48
g48051,-0.8249291683718992,170.0,g48
g48053,-1.4596266945189793,188.0,g48
g48055,-0.29461922914376926,148.0,g48
g48057,-1.0267592423585774,177.0,g48
g48059,-2.240023498334646,208.0,g48
g48061,2.1415228078640682,52.0,g48
g48063,1.2166369851361534,74.0,g48
g48065,-3.741017346780237,229.0,g48
g48067,3.2738524061727476,27.0,g48
g48069,-0.8646297325157644,171.0,g48
g48071,-5.878220204152274,250.0,g48
g48073,1.9926243175724825,58.0,g48
g48075,2.871157360935006,36.0,g48
g48077,-2.700568637711364,215.0,g48
g48079,-0.7501795267684613,168.0,g48
g48081,1.0525663779726397,90.0,g48
g48083,3.361868324755915,24.0,g48
g48085,-4.724926511651056,243.0,g48
g48087,2.1006446969880477,55.0,g48
g48089,0.3372267951297042,115.0,g48
g48091,-5.0198205343440385,247.0,g48
g48093,0.7881161464734914,98.0,g48
g48095,2.7838273300096246,37.0,g48
g48097,-1.7890974704623381,195.0,g48
g48099,-0.13007042778612196,141.0,g48
g48101,4.322240999502361,8.0,g48
g48103,-2.1804620830331394,206.0,g48
g48105,-0.678919343157167,165.0,g48
g48107,1.7279727410918408,64.0,g48
g48109,0.8995356664680012,95.0,g48
g48111,-2.6750109155181376,214.0,g48
g48113,3.378438076580941,23.0,g48
g48115,2.648085143382151,42.0,g48
g48117,-1.6299843484219712,190.0,g48
g48119,0.12713410967512417,132.0,g48
g48121,-4.338864426409366,238.0,g48
g48123,2.441828321893754,47.0,g48
g48125,3.861022681574695,16.0,g48
g48127,2.44796464849264,46.0,g48
g48129,0.2564430159005538,121.0,g48
g48131,3.656149608788684,21.0,g48
g48133,1.9915768391531552,59.0,g48
g48135,-1.865636711655027,197.0,g48
g48137,0.2628921071348356,119.0,g48
g48139,-4.061867803174032,233.0,g48
g48141,0.9238348513477458,93.0,g48
g48143,-2.113832188789209,204.0,g48
g48145,4.037485659540566,14.0,g48
g48147,0.2580668393469439,120.0,g48
g48149,-1.4471465716879952,187.0,g48
g48151,-0.053704567123071256,134.0,g48
g48153,1.666352941223615,65.0,g48
g48155,5.36001095430336,3.0,g48
g48157,-3.477865715238277,225.0,g48
g48159,-0.46670391840834313,156.0,g48
g48161,0.17098574059080984,130.0,g48
g48163,3.2442077521945123,29.0,g48
g48165,-4.823161987487152,244.0,g48
g48167,-1.1515339393878155,181.0,g48
g48169,4.046147723607214,13.0,g48
g48171,-2.5556849006501956,211.0,g48
g48173,-7.687952276730057,254.0,g48
g48175,-0.11519434277658747,138.0,g48
g48177,0.43627446648645235,110.0,g48
g48179,-0.4253480478891718,155.0,g48
g48181,-0.2712306108089231,146.0,g48
g48183,1.0954286803987943,82.0,g48
g48185,1.5079835690395176,68.0,g48
g48187,-4.2341586935855,236.0,g48
g48189,1.1612803829053233,81.0,g48
g48191,3.3387380935352793,26.0,g48
g48193,0.41423745991998634,111.0,g48
g48195,-1.962261669367496,202.0,g48
g48197,3.5181416136170274,22.0,g48
g48199,-2.958440097168406,219.0,g48
g48201,2.139237231147169,53.0,g48
g48203,-0.10855617749408636,136.0,g48
g48205,-2.2121775316750227,207.0,g48
g48207,1.9765482029437003,60.0,g48
g48209,-4.608670890674869,240.0,g48
g48211,-1.785595874610105,194.0,g48
g48213,-0.6785394195103491,164.0,g48
g48215,0.5993667776406457,104.0,g48
g48217,-0.337095463490951,151.0,g48
g48219,-1.8851054949130575,199.0,g48
g48221,-3.7239059621232005,228.0,g48
g48223,-0.6086450881330437,162.0,g48
g48225,5.164225486307343,4.0,g48
g48227,3.3461900123782296,25.0,g48
g48229,1.089746294553056,84.0,g48
g48231,-0.9314306086575609,174.0,g48
g48233,-1.0960369694033272,179.0,g48
g48235,-4.215850238156262,235.0,g48
g48237,-0.12992594085874049,140.0,g48
g48239,-0.9295644250571289,173.0,g48
g48241,1.211735062421817,75.0,g48
g48243,-0.9325192857263688,175.0,g48
g48245,4.208389465458271,11.0,g48
g48247,1.885132764516813,63.0,g48
g48249,0.9044726413077406,94.0,g48
g48251,-4.152153842330465,234.0,g48
g48253,4.840791486439647,6.0,g48
g48255,3.8427023278103523,17.0,g48
g48257,-3.770684161823823,230.0,g48
g48259,-6.668159583192602,252.0,g48
g48261,1.556839915838022,66.0,g48
g48263,0.7724485611526388,99.0,g48
g48265,-0.5314827476613095,159.0,g48
g48267,0.7274400964329422,100.0,g48
g48269,-3.3705087508402096,222.0,g48
g48271,3.0022174859631896,33.0,g48
g48273,2.0029058177579206,57.0,g48
g48275,4.290154876449302,10.0,g48
g48277,1.9214705719991079,62.0,g48
g48279,1.0537610562374715,89.0,g48
g48281,-1.834523785554183,196.0,g48
g48283,5.088443217571802,5.0,g48
g48285,-0.4118322800306077,153.0,g48
g48287,-1.7272298610548473,193.0,g48
g48289,-0.11291749421164354,137.0,g48
g48291,-1.9505385604132226,201.0,g48
g48293,1.182030859263616,80.0,g48
g48295,-2.5924870446841455,213.0,g48
g48297,0.29482442796215147,117.0,g48
g48299,0.398275773016011,113.0,g48
g48301,1.1897661692699133,79.0,g48
g48303,-0.1502379974886232,142.0,g48
g48305,0.24312646682545452,124.0,g48
g48307,-0.28982969256965607,147.0,g48
g48309,1.2386881968412484,73.0,g48
g48311,-0.6680096771201155,163.0,g48
g48313,3.767342355740576,19.0,g48
g48315,3.6678235752227035,20.0,g48
g48317,-2.164959767256548,205.0,g48
g48319,-1.0243133506779885,176.0,g48
g48321,0.2512893245332518,123.0,g48
g48323,0.5750268702512756,105.0,g48
g48325,-2.084409657398668,203.0,g48
g48327,2.577478279276498,43.0,g48
g48329,-4.028481653220672,231.0,g48
g48331,1.2057221004967462,77.0,g48
g48333,0.32334784819785806,116.0,g48
g48335,2.9094193645278947,35.0,g48
g48337,-0.5092207415604695,157.0,g48
g48339,-5.005338186863658,246.0,g48
g48341,-1.3837713623308672,186.0,g48
g48343,3.7701943983804598,18.0,g48
g48345,0.6982433574746313,103.0,g48
g48347,1.4815992874779316,69.0,g48
g48349,0.7199575944363323,101.0,g48
g48351,0.947031942435355,92.0,g48
g48353,2.1800987171246518,50.0,g48
g48355,0.8400224129732864,96.0,g48
g48357,-2.7503987337170352,216.0,g48
g48359,-0.22782791294211413,145.0,g48
g48361,-1.1871136459553442,182.0,g48
g48363,-0.5236669780723231,158.0,g48
g48365,-0.7548961273574024,169.0,g48
g48367,-5.073500343606648,248.0,g48
g48369,-1.8882861151084571,200.0,g48
g48371,1.0932623378874284,83.0,g48
g48373,2.7273946350399183,40.0,g48
g48375,2.5020057450859023,44.0,g48
g48377,2.091586792009879,56.0,g48
g48379,-1.1372973460865714,180.0,g48
g48381,-3.3726254602268533,223.0,g48
g48383,-4.401118534580624,239.0,g48
g48385,2.313215902988322,49.0,g48
g48387,3.2255077756605814,30.0,g48
g48389,3.2651352241122558,28.0,g48
g48391,2.4233413530753287,48.0,g48
g48393,-3.314489782266227,221.0,g48
g48395,2.932852736836935,34.0,g48
g48397,-6.905589454115619,253.0,g48
g48399,2.6681209426665,41.0,g48
g48401,0.4591688848506719,106.0,g48
g48403,2.4933068206955835,45.0,g48
g48405,7.634803706519129,2.0,g48
g48407,-0.19158535007367128,144.0,g48
g48409,-0.41649661535808913,154.0,g48
g48411,2.177557639788096,51.0,g48
g48413,-1.3609510156353675,185.0,g48
g48415,0.8114256687761454,97.0,g48
g48417,-1.03365891582065,178.0,g48
g48419,1.3477212922337252,71.0,g48
g48421,-2.571170302504493,212.0,g48
g48423,-0.5360886675727321,160.0,g48
g48425,-4.036996513244618,232.0,g48
g48427,2.77661919634269,38.0,g48
g48429,-0.12445745443858125,139.0,g48
g48431,-0.3091511556459905,149.0,g48
g48433,-0.012374661655216723,133.0,g48
g48435,-4.701770918100224,242.0,g48
g48437,1.5493188306641128,67.0,g48
g48439,0.43903947674600285,109.0,g48
g48441,0.17773803601545524,129.0,g48
g48443,1.9630217648864394,61.0,g48
g48445,1.0700949573238328,87.0,g48
g48447,0.18787946383606224,128.0,g48
g48449,-0.7278499956056718,166.0,g48
g48451,0.13844525296348587,131.0,g48
g48453,-1.638412245980599,191.0,g48
g48455,0.40446826645137435,112.0,g48
g48457,2.7737688815853128,39.0,g48
g48459,-1.2826438625731056,184.0,g48
g48461,-0.8667712818627813,172.0,g48
g48463,1.396691108297806,70.0,g48
g48465,0.35529808939915286,114.0,g48
g48467,-1.1899481340074625,183.0,g48
g48469,-0.16805859664034462,143.0,g48
g48471,3.9143403678923363,15.0,g48
g48473,-1.7059571189726561,192.0,g48
g48475,1.1935439618555108,78.0,g48
g48477,1.2492284081158294,72.0,g48
g48479,-0.3336838050666039,150.0,g48
g48481,1.2070602400830395,76.0,g48
g48483,-1.505433691590204,189.0,g48
g48485,1.0162452927179582,91.0,g48
g48487,3.177529242356977,31.0,g48
g48489,4.057134248257115,12.0,g48
g48491,-4.688290553417989,241.0,g48
g48493,-4.874102264710311,245.0,g48
g48495,-0.5995313588471602,161.0,g48
g48497,-5.336777209271608,249.0,g48
g48499,0.19174476559696918,127.0,g48
g48501,-4.261518565505397,237.0,g48
g48503,-0.7348654628887485,167.0,g48
g48505,0.22004975454760256,126.0,g48
g48507,4.30097462233547,9.0,g48
g51001,3.6007514454995118,11.0,g51
g51003,-2.135966801597623,104.0,g51
g51005,0.039019294762273726,65.0,g51
g51007,-1.1513943169388405,89.0,g51
g51009,-1.5065833585465085,96.0,g51
g51011,-0.025140691289097107,69.0,g51
g51013,-0.44798983250985147,80.0,g51
g51015,-1.7546572598492098,98.0,g51
g51017,1.3734511069234434,39.0,g51
g51019,-1.9206497363502337,101.0,g51
g51021,0.9620634282811944,44.0,g51
g51023,-3.266804272489395,119.0,g51
g51025,3.866135634011311,9.0,g51
g51027,6.132739184114517,1.0,g51
g51029,1.8401792163574036,32.0,g51
g51031,-1.252807106121299,94.0,g51
g51033,-2.5186118042034322,111.0,g51
g51035,2.0928024267696204,29.0,g51
g51036,-3.976765232706747,130.0,g51
g51037,2.2597154352168816,26.0,g51
g51041,-3.3242193061094225,122.0,g51
g51043,-2.9420642817741545,115.0,g51
g51045,-1.1748247867433348,91.0,g51
g51047,-1.1724833080693622,90.0,g51
g51049,-0.04251880319756762,70.0,g51
g51051,5.905657464053818,2.0,g51
g51053,-0.9580812147197586,86.0,g51
g51057,0.21415927402765833,59.0,g51
g51059,-0.17964057058287025,73.0,g51
g51061,-3.1086147575423104,117.0,g51
g51063,0.7161988087218654,50.0,g51
g51065,-3.388525003366289,123.0,g51
g51067,-0.02232704530364804,68.0,g51
g51069,-2.415612635012689,108.0,g51
g51071,0.19268011899983017,60.0,g51
g51073,-2.6181276881859636,113.0,g51
g51075,-3.52778698696078,124.0,g51
g51077,2.727124363199528,23.0,g51
g51079,-1.7971055041754913,99.0,g51
g51081,2.733112609084891,22.0,g51
g51083,1.4036566209861874,38.0,g51
g51085,-4.702756777266056,134.0,g51
g51087,-2.3923175465033877,107.0,g51
g51089,1.1870027328587383,40.0,g51
g51091,3.3435276346001217,12.0,g51
g51093,-2.497390659360357,110.0,g51
g51095,-2.432143289804242,109.0,g51
g51097,-0.003105059702926183,66.0,g51
g51099,-3.5344912062046827,125.0,g51
g51101,-3.8381053632237987,127.0,g51
g51103,1.068981871587288,42.0,g51
g51105,2.9108231546486985,17.0,g51
g51107,-2.5912211680985355,112.0,g51
g51109,-1.6921348212201013,97.0,g51
g51111,3.29942179211186,14.0,g51
g51113,-0.6326207074191377,83.0,g51
g51115,-0.2600854232881694,75.0,g51
g51117,3.3374954677566437,13.0,g51
g51119,0.7040490419187814,51.0,g51
g51121,-1.9284778732633874,102.0,g51
g51125,0.7331819605202514,49.0,g51
g51127,-4.321106111809796,133.0,g51
g51131,5.0165573015796046,4.0,g51
g51133,1.6746697227293306,33.0,g51
g51135,2.635222122700731,24.0,g51
g51137,-1.0820559632717077,88.0,g51
g51139,0.48123300727303975,54.0,g51
g51141,2.2424818007810785,27.0,g51
g51143,0.26442045273040116,57.0,g51
g51145,-3.5491557123191004,126.0,g51
g51147,0.8775075605502313,47.0,g51
g51149,-3.068429888993355,116.0,g51
g51153,-0.7645127965186206,84.0,g51
g51155,0.06992592328995206,62.0,g51
g51157,-0.6242320762850226,82.0,g51
g51159,2.7393134609172756,21.0,g51
g51161,-3.2729277564816552,120.0,g51
g51163,0.2984157912612466,55.0,g51
g51165,-0.2619603509670537,76.0,g51
g51167,3.2514514348112566,15.0,g51
g51169,2.865496829376875,19.0,g51
g51171,0.051427372529724846,64.0,g51
g51173,1.605894957838173,35.0,g51
g51175,0.9063490997106036,46.0,g51
g51177,-2.8314846148772275,114.0,g51
g51179,-3.9388939732169277,128.0,g51
g51181,0.13633893558767007,61.0,g51
g51183,4.110260979294404,6.0,g51
g51185,2.225437579693261,28.0,g51
g51187,-2.362299814396143,105.0,g51
g51191,-0.6047979302372437,81.0,g51
g51193,2.3686056573424814,25.0,g51
g51195,3.85963225259956,10.0,g51
g51197,0.6872991121457193,52.0,g51
g51199,-4.148454684209898,132.0,g51
g51510,0.5939223117627455,53.0,g51
g51515,0.05424820266913977,63.0,g51
g51520,1.0231205119163143,43.0,g51
g51530,-0.009690915750751872,67.0,g51
g51540,0.28448426862751175,56.0,g51
g51550,-3.9477443717560545,129.0,g51
g51570,-0.9753339864622731,87.0,g51
g51580,0.7439070310548199,48.0,g51
g51590,2.056703308082894,30.0,g51
g51595,4.015554372794852,8.0,g51
g51600,-0.40561965087840157,79.0,g51
g51610,-2.371998412900194,106.0,g51
g51620,1.6207812696585768,34.0,g51
g51630,-0.3033386074581569,77.0,g51
g51640,4.516709864164849,5.0,g51
g51650,-1.9816879212758476,103.0,g51
g51660,2.8358484747629378,20.0,g51
g51670,1.091171834224223,41.0,g51
g51678,1.9622862122307612,31.0,g51
g51680,-0.14844321755077905,72.0,g51
g51683,4.070273831022066,7.0,g51
g51685,5.493402570966202,3.0,g51
g51690,1.5597418200592053,36.0,g51
g51700,-1.3591684740728947,95.0,g51
g51710,-0.36274524996364643,78.0,g51
g51720,0.25299568331098743,58.0,g51
g51730,2.8846440868178145,18.0,g51
g51735,-4.022523971575521,131.0,g51
g51740,-1.2052808277806302,92.0,g51
g51750,-0.0691935866162885,71.0,g51
g51760,1.4870995292186922,37.0,g51
g51770,0.9166209772093529,45.0,g51
g51775,-1.8370955615776423,100.0,g51
g51790,-0.7733275106198987,85.0,g51
g51800,-3.315531882653475,121.0,g51
g51810,-3.1548904985548116,118.0,g51
g51820,-0.23379719131677157,74.0,g51
g51830,-1.2302210185118083,93.0,g51
g51840,3.196709128251448,16.0,g51
