Geo_FIPS,sovi
g01001,-3.3779044195605072
g01003,-1.1810556153504648
g01005,-0.02425821741688019
g01007,-4.4180683774044365
g01009,-1.9186058979043017
g01011,-2.4594838233054213
g01013,3.5948677369878403
g01015,-0.1101308376859631
g01017,1.7448053138276665
g01019,-1.6677685626459313
g01021,-2.425746916188704
g01023,-0.6476391638846515
g01025,1.0580675824830044
g01027,0.1096608470233984
g01029,-0.6201715274600761
g01031,-0.8125619619888078
g01033,-0.5515470466225281
g01035,2.4137487334313987
g01037,-1.2267757182832755
g01039,1.5363959418742463
g01041,-0.45182866022192125
g01043,-0.8001133601528101
g01045,-0.6794324740172146
g01047,3.550529267352312
g01049,0.07281415546603431
g01051,-2.6234230209724485
g01053,0.5585963124152389
g01055,0.6324302601604437
g01057,0.11723886993157273
g01059,-0.050748617792095496
g01061,0.09424642661431437
g01063,3.0788252529909457
g01065,1.8304348683022382
g01067,0.5584836510784481
g01069,-0.06349794142271235
g01071,-1.3865420946468627
g01073,-0.4405477414946417
g01075,0.6112679181666388
g01077,0.23352627723858282
g01079,-1.2413782957952852
g01081,-4.062751757157923
g01083,-3.216224430913279
g01085,1.7903737687756789
g01087,4.432084110868227
g01089,-3.6816662153574877
g01091,1.8219497537004048
g01093,0.7865748960463033
g01095,-0.07687489875863418
g01097,-0.4041847267685648
g01099,0.9824651952504599
g01101,0.2795867095291995
g01103,-1.192818667343488
g01105,5.496696650964615
g01107,1.7578437565836293
g01109,0.43515631267865534
g01111,0.5058500631256622
g01113,1.8543569051674085
g01115,-3.6702483888860087
g01117,-5.741075270431556
g01119,6.025838337422394
g01121,-0.3612503962131979
g01123,1.6704680815289634
g01125,-1.7286487587619799
g01127,0.13126867528954556
g01129,-3.3896829716780488
g01131,3.2577888327651996
g01133,0.30185406981740304
g02013,-10.167363348803438
g02016,-8.519323020959288
g02020,-4.762691145219016
g02050,9.828525230386264
g02060,-3.516494366455466
g02068,-4.4078938607762925
g02070,7.0171225149664425
g02090,-5.953313328082944
g02100,-4.402905128275385
g02105,2.6699064875606062
g02110,-5.418294863226487
g02122,-3.295550729289567
g02130,-2.9624258127625622
g02150,-3.6414814593873865
g02164,9.441218059927095
g02170,-5.585675899548859
g02180,8.132578040777288
g02185,-0.1946704727184927
g02188,8.68295160978504
g02195,-3.2756612440479693
g02198,-1.519763880239442
g02220,-1.729286830659687
g02230,-4.861366395366671
g02240,-4.071082185687114
g02261,-4.844715315168943
g02270,13.769664136778145
g02275,2.2776681575973856
g02282,-4.651457746729097
g02290,8.324495917816296
g04001,10.039609104252795
g04003,2.517972330680127
g04005,1.1961320583412736
g04007,5.826606903953895
g04009,0.18776876773202894
g04011,-1.2329956218672564
g04012,7.371489265346699
g04013,-0.44653306793822545
g04015,3.5138599242729587
g04017,5.846505934835116
g04019,2.2473824968051876
g04021,-0.5640677888102114
g04023,7.551625526504289
g04025,2.8414743083886913
g04027,4.732447099430792
g05001,0.5084131504846112
g05003,-0.4359172917955548
g05005,4.6981953440693305
g05007,-2.1696683830554067
g05009,0.8854673037459995
g05011,2.0425838490809545
g05013,-2.53531623087995
g05015,1.7979830674084785
g05017,5.067363918651348
g05019,2.641651131254723
g05021,0.6767476673786417
g05023,1.7680330632659613
g05025,-1.7105125710975997
g05027,1.8592806488779519
g05029,0.42752548489610387
g05031,-0.5999249968211686
g05033,-0.26584136276236037
g05035,1.1897457331779488
g05037,0.6598060014793778
g05039,0.3820731294005131
g05041,3.2411580832670386
g05043,0.7394852845618226
g05045,-3.2258560025637326
g05047,1.3528544950002201
g05049,3.995183677918766
g05051,2.0711111685997987
g05053,-3.1330996507431323
g05055,-0.8669097412584359
g05057,2.3270952698997234
g05059,-0.5126616265921454
g05061,3.176481412889566
g05063,0.6766183366611903
g05065,1.9339697263049573
g05067,1.6550645779233768
g05069,1.4850517498698739
g05071,-0.08561050949825677
g05073,3.863735578256105
g05075,2.83882522179542
g05077,3.213757073003376
g05079,-3.8511375597483575
g05081,0.830781823794009
g05083,0.6981791614830684
g05085,-2.3874275244427836
g05087,-0.4039543665648275
g05089,3.192245382498181
g05091,-0.2582159522045179
g05093,0.7552592030873543
g05095,4.034196450489574
g05097,1.9581183341666295
g05099,1.3934496869767914
g05101,-0.028753350205766637
g05103,2.030624909977476
g05105,-1.2499057548558512
g05107,6.092482877547225
g05109,0.5105437499554222
g05111,2.2301296379375284
g05113,1.4229401039994656
g05115,-0.8498918568810745
g05117,1.7160060625607354
g05119,-0.6089281204656852
g05121,1.598749483110822
g05123,1.2005982408232432
g05125,-2.962198738272591
g05127,0.371571863226974
g05129,4.646382360164571
g05131,0.2692334991265285
g05133,2.758136324095421
g05135,3.0656345436868113
g05137,2.914073418531275
g05139,0.5872517552908058
g05141,2.3067384822780483
g05143,-1.2874433836570947
g05145,-1.1355522243765215
g05147,3.877665001594673
g05149,2.0676811298281037
g06001,-2.9595453990692864
g06003,-0.43552694160412475
g06005,-0.6020973702519212
g06007,1.066926474956557
g06009,-0.4999947012801882
g06011,2.606856007647833
g06013,-3.3001498141879764
g06015,1.7578947482044402
g06017,-3.1877128326428776
g06019,2.6781655343427246
g06021,1.6316652536871545
g06023,-0.1010272340373648
g06025,6.74907957253359
g06027,1.9607519863268545
g06029,1.223672193257538
g06031,-0.15640748770825463
g06033,2.3737420934669418
g06035,-5.129083263906018
g06037,1.190457024560696
g06039,2.8381603467634338
g06041,-5.618712434923276
g06043,1.4502707350968045
g06045,2.0558485702986493
g06047,2.89132479938189
g06049,3.836608845888147
g06051,-1.343157621414083
g06053,1.809163371065419
g06055,-0.8677630761334161
g06057,-1.1954646698127338
g06059,-2.875308063161825
g06061,-3.2256732151309713
g06063,1.696934942378024
g06065,0.33547250701484077
g06067,-0.014534641708196516
g06069,-0.26392098540436015
g06071,0.3417641159653205
g06073,-1.7498341978203618
g06075,-1.3941646380703359
g06077,0.5484220421318008
g06079,-2.035137062287675
g06081,-4.431154096420663
g06083,0.1532477840413291
g06085,-6.158142897362172
g06087,-2.4715345501247086
g06089,0.7182259891248333
g06091,3.0847600297382076
g06093,2.309652010113859
g06095,-1.7219958659586987
g06097,-1.1232781869250459
g06099,1.1988444288850957
g06101,1.0753879206804684
g06103,1.9804305291327213
g06105,1.818104458189135
g06107,3.4734537313288123
g06109,0.8518994894145802
g06111,-2.483310675662693
g06113,-1.4586496697728377
g06115,0.36713715818942627
g08001,-1.3318577308363064
g08003,0.5072603752280948
g08005,-2.821606791661487
g08007,-1.9431011296202183
g08009,3.6446611608621167
g08011,-1.3367219104427026
g08013,-5.7479916843889995
g08014,-6.617748504899953
g08015,-2.0849031352325564
g08017,0.07698206014809528
g08019,-5.759061462212707
g08021,3.4585339942142728
g08023,5.6856934118684
g08025,-6.478662379463526
g08027,-1.993040290873132
g08029,-0.03687925069155398
g08031,-0.10301904509339152
g08033,-2.290574637602592
g08035,-9.4851554812771
g08037,-4.670166577525524
g08039,-7.203418937594864
g08041,-3.0015121906730453
g08043,-0.4332361092960406
g08045,-3.794429935995272
g08047,-5.141447578291533
g08049,-5.381647856600615
g08051,-5.753818437022337
g08053,3.2702888700648014
g08055,6.337647539841711
g08057,-1.1708793469725467
g08059,-3.9675072490059176
g08061,0.754072462509737
g08063,-1.7762070045150997
g08065,-2.584237099969495
g08067,-3.686718816809056
g08069,-3.779832395661261
g08071,1.9156571207501045
g08073,-0.07069994018969705
g08075,-1.833188411296927
g08077,-1.7695418590921788
g08079,1.7190654960321399
g08081,-3.32850627397247
g08083,0.4728360311349225
g08085,0.18157893078010734
g08087,1.3947532970322185
g08089,5.417639144336341
g08091,-2.2209146109806346
g08093,-5.909226014211448
g08095,3.315297693170431
g08097,-6.493323261752352
g08099,2.8556419603026937
g08101,3.3524963282717373
g08103,-2.522765365193261
g08105,3.843590462840605
g08107,-6.9741824125400615
g08109,1.3819421172596194
g08111,-5.828375305403625
g08113,-7.0928357456395155
g08115,4.254724960565371
g08117,-6.147924289920399
g08119,-2.8933989724069757
g08121,-1.6024704299732022
g08123,-2.6363203465022322
g08125,0.0288482490880948
g09001,-4.068936621398252
g09003,-0.14968231759320838
g09005,-2.8442541865582287
g09007,-3.664560051269037
g09009,0.03653676950534712
g09011,-1.409458056997161
g09013,-5.6371236007970085
g09015,-0.501079647645861
g10001,-0.6763457682762084
g10003,-2.299720670489516
g10005,1.8249806272704872
g11001,0.1897510895864778
g12001,-1.5751374832277638
g12003,-2.81239888600859
g12005,-0.37981498588025353
g12007,-1.615303413762026
g12009,0.4793464190593426
g12011,0.8513080943964082
g12013,2.2678583242215398
g12015,5.434101919195089
g12017,5.592644985773323
g12019,-3.220929290167333
g12021,3.980124169482493
g12023,-0.8245202656308612
g12027,1.7053117267503333
g12029,0.48620859390607335
g12031,-1.033789859346585
g12033,0.5686247464155668
g12035,3.1555809404649624
g12037,0.6608763412864678
g12039,1.7246501353147292
g12041,-2.029706985266816
g12043,4.352485569621041
g12045,-1.0259792442845166
g12047,-2.1452374595572143
g12049,2.0552872314241126
g12051,2.598416858820496
g12053,3.3672464509454825
g12055,6.572564740030945
g12057,-0.2733054150734816
g12059,-0.7362493220566841
g12061,3.839284153496176
g12063,0.1897848853132269
g12065,-0.6227419861665922
g12067,-2.409620353192749
g12069,2.2165385951316323
g12071,3.502152813499776
g12073,-2.432104280415483
g12075,1.706832554074897
g12077,-6.116524017415437
g12079,-0.04033103779000502
g12081,2.3995054595523104
g12083,4.053032122915237
g12085,1.853245404492791
g12086,6.245310687856247
g12087,-1.569570548602093
g12089,-2.4345883718122985
g12091,-1.4130060814524215
g12093,2.4952160033153183
g12095,-0.11057750227454477
g12097,3.779629874250987
g12099,2.255981303526423
g12101,1.0939723323617727
g12103,1.996781126524492
g12105,1.7794161119280594
g12107,1.9751026006586592
g12109,-3.429279078115164
g12111,3.0416672440812347
g12113,-3.791989971487219
g12115,4.654009678243746
g12117,-2.2807633240588507
g12119,6.528759050137275
g12121,0.43514055009501484
g12123,-0.6981498640501709
g12125,-4.053619702538148
g12127,2.3986757223354997
g12129,-5.18440330665773
g12131,-0.09772795647325916
g12133,-0.5571285624140601
g13001,-2.5470891059889986
g13003,0.03663357554065172
g13005,-0.6270428617359494
g13007,4.215314839647373
g13009,1.526878349797437
g13011,-4.348246188282415
g13013,-3.3287240384806727
g13015,-2.2747792750800953
g13017,3.2476705256995597
g13019,-1.0422537578911504
g13021,2.089665887977378
g13023,0.8057748847639511
g13025,-1.7746786997193076
g13027,0.896007929100701
g13029,-4.447278844176067
g13031,-2.068844260997499
g13033,2.2641412407382666
g13035,-3.124508818982208
g13037,-0.10556372000476477
g13039,-3.118897233089819
g13043,1.808674348208493
g13045,-2.081895780717923
g13047,-1.5138144662996331
g13049,-2.91227976316483
g13051,-0.24193836984974748
g13053,-7.930372490832849
g13055,-1.1229558269219113
g13057,-5.069213359620496
g13059,0.5523528713725397
g13061,7.766120501669619
g13063,0.669077864012411
g13065,3.2995654315418514
g13067,-4.2891800250003325
g13069,-1.7672155018577502
g13071,0.606806439892674
g13073,-5.128247498178346
g13075,-0.29543158866032526
g13077,-4.049501462225449
g13079,-2.508821479633271
g13081,2.8200105915749423
g13083,-2.0828802463809035
g13085,-3.382671132314063
g13087,2.2043720375730516
g13089,-1.4258690531231621
g13091,-1.507079985622769
g13093,-1.5653679375771337
g13095,3.255724020594264
g13097,-3.5946833306910912
g13099,2.841961601958049
g13101,1.907441563418548
g13103,-5.42228309032701
g13105,2.833388736043918
g13107,1.417522870442668
g13109,-0.5010381148118999
g13111,1.866497099817782
g13113,-5.839629405702384
g13115,1.1676191555473665
g13117,-6.98342565142922
g13119,-0.04732272372813173
g13121,-3.8395731981953762
g13123,0.1865994963313281
g13125,-0.5266423141555452
g13127,1.3242371606923677
g13129,-1.1910385425071088
g13131,-0.21279755102436204
g13133,1.987567485254344
g13135,-3.609169164446729
g13137,0.05413901193900528
g13139,-1.1739379246463653
g13141,3.3600759035769276
g13143,-0.5934554872568394
g13145,-5.927305059166491
g13147,1.0438101429015914
g13149,-1.6119509527865499
g13151,-3.735275954543559
g13153,-2.5584817694330937
g13155,-0.889883901519633
g13157,-3.3263442413144313
g13159,-1.5617842572663114
g13161,-1.9306241936067583
g13163,2.8728252551036517
g13165,2.7242823069079747
g13167,-1.9059406394054705
g13169,-2.57341726360685
g13171,-0.75831918501417
g13173,0.30686821996195346
g13175,1.0995513907738383
g13177,-6.269580013201177
g13179,-2.4902780268492544
g13181,2.729499889461082
g13183,-0.6711049112320844
g13185,-0.8185487419364085
g13187,-2.196877069658412
g13189,0.5839423624106037
g13191,1.9186105730251806
g13193,-0.5541418340514799
g13195,-1.2886321822971407
g13197,0.08917369582715773
g13199,0.8803254072010062
g13201,1.3586632514718442
g13205,-0.09706097185593865
g13207,-2.7286758659308936
g13209,-2.575132409702304
g13211,-1.068385253366723
g13213,-2.1579829378702
g13215,1.542451056977597
g13217,-1.6641438881451234
g13219,-5.4622161787138035
g13221,-3.3304823450563825
g13223,-4.593589344473377
g13225,-1.288007707696328
g13227,-2.452000252989215
g13229,-0.16538281499785223
g13231,-3.3988160200164494
g13233,0.5652765204899681
g13235,4.606054073971758
g13237,0.5185361612244865
g13239,1.6402247686228546
g13241,2.5691511888285485
g13243,1.8598242337827124
g13245,1.7847614552709457
g13247,-1.245511270634331
g13249,-3.3674082198591497
g13251,0.9567085859521184
g13253,3.58723366218632
g13255,0.8621081196527861
g13257,1.701833097975867
g13259,-0.5855793640991246
g13261,3.0851661482388737
g13263,1.7559193303966556
g13265,6.072444162143166
g13267,-2.994523854753148
g13269,1.3955023545404448
g13271,1.6811099337179118
g13273,3.755215791265322
g13275,1.2884072784893323
g13277,0.5971243890459503
g13279,2.0668006286190415
g13281,3.9353040587399883
g13283,-0.09139787692690224
g13285,0.8004467530681831
g13287,2.025967784927304
g13289,-1.1990804439406642
g13291,3.5210416877694843
g13293,2.6060996050217953
g13295,-0.8251168294166938
g13297,-2.197636101506971
g13299,1.1420954222507589
g13301,3.2650305769561814
g13303,0.6631355149459637
g13305,-1.9493603255935106
g13307,-1.0871498362085503
g13309,-5.366557473118421
g13311,-1.4126854793474175
g13313,-0.0151659021937679
g13315,-1.2469724135164064
g13317,3.4881278358861554
g13319,0.9672682173532715
g13321,0.5194257920548921
g15001,0.6957905589676241
g15003,-2.215048869683521
g15005,3.183588209275038
g15007,-0.7001784957379069
g15009,-1.0331330607855107
g16001,-3.6956492979242546
g16003,1.1808413703086256
g16005,-1.7835143384910337
g16007,0.018506999461508182
g16009,0.5372763517530901
g16011,-0.8752949698009235
g16013,-2.77845824071551
g16015,-4.159065280228665
g16017,-1.3811193401066546
g16019,-2.1933703120879393
g16021,-1.4831122061468145
g16023,1.402085186110028
g16025,-3.727138767487103
g16027,0.1178679140782011
g16029,-3.7889586352660043
g16031,-1.4913726306628985
g16033,2.0164456090883984
g16035,-0.6071461385477143
g16037,-2.7787638037903593
g16039,-1.8281391770851123
g16041,-4.9384686923477155
g16043,-1.7094448362249366
g16045,1.0221511117073878
g16047,-0.7109146935053161
g16049,1.6871103445674538
g16051,-4.623086021480032
g16053,-0.8454154719642425
g16055,-1.7108137889739738
g16057,-3.633739680393353
g16059,0.8769387047937393
g16061,2.896592137878307
g16063,-1.1770087863320038
g16065,-3.0007379827505867
g16067,0.4526464315170333
g16069,0.35343407174984104
g16071,-3.058563964576145
g16073,0.27679007603579464
g16075,0.6254671053964711
g16077,-2.392842341496665
g16079,1.5635435153838653
g16081,-5.101202137664409
g16083,-0.26286584325130996
g16085,-0.2390757914885322
g16087,1.711015822247441
g17001,0.8011800342788742
g17003,4.332848501723841
g17005,-0.45035768984616753
g17007,-3.306847170975418
g17009,-7.682142604926068
g17011,0.4804645801567522
g17013,0.24314975439083963
g17015,1.809879036540642
g17017,0.9514228537482228
g17019,-2.3022945334915708
g17021,0.3347075648697358
g17023,-0.5035053525894724
g17025,-0.2969974622738655
g17027,-2.6279341175960607
g17029,0.9172877573466492
g17031,1.3074370285619308
g17033,-1.4199260747197047
g17035,-1.0654563920460864
g17037,-2.2760993472077025
g17039,-1.190019479972172
g17041,-0.6393317768204445
g17043,-5.11422480766406
g17045,1.168396457510295
g17047,-1.0413842017678372
g17049,-1.7848696827660249
g17051,-0.7790828977949913
g17053,0.7111276170004451
g17055,1.8954101895692563
g17057,0.20514055241326634
g17059,1.8650879941539196
g17061,-0.40369107779438057
g17063,-3.383473998272203
g17065,-0.6137058407875721
g17067,0.8750108907611219
g17069,1.7797132439004923
g17071,-0.028490436425408938
g17073,-0.9147268064713492
g17075,1.1804403009287392
g17077,-0.08893947699155969
g17079,-1.5526526228417659
g17081,-0.31085163205845656
g17083,-1.2550299343316298
g17085,0.7558507479101826
g17087,-3.148857568419081
g17089,-2.382785882816334
g17091,0.38434370637075077
g17093,-6.612245442685978
g17095,1.9348856270968375
g17097,-4.81556690058294
g17099,-0.16930470892945404
g17101,-2.8622855301902965
g17103,-0.692615088926706
g17105,-1.1074319831095847
g17107,1.2113052722952506
g17109,-0.48800697226600387
g17111,-5.326639346990797
g17113,-2.989514794350114
g17115,0.9614465406193196
g17117,0.04099286347127354
g17119,-1.1457918198885952
g17121,1.5124366685746402
g17123,0.5642502482529979
g17125,0.7435502826187337
g17127,2.2333576079060813
g17129,-0.7767744472887408
g17131,-1.118240372692074
g17133,-4.000357252755465
g17135,1.0094968620182467
g17137,1.0778542053449929
g17139,-0.31466925426266695
g17141,-1.452423980753412
g17143,-0.4016508294205005
g17145,-1.5526109140672006
g17147,-2.727608216385186
g17149,1.7013313721878829
g17151,3.389196090407119
g17153,3.149581064157477
g17155,-2.313744629537613
g17157,-2.110094763243036
g17159,-0.23963752053011478
g17161,1.1417323007949753
g17163,0.30917646760799156
g17165,1.8090076206583396
g17167,-0.7968303201272479
g17169,-1.474116399865205
g17171,-0.4814772593870994
g17173,-0.6660655561012765
g17175,-0.029307792644747616
g17177,1.9720904683784486
g17179,-1.7872233311463952
g17181,1.4615241648288624
g17183,1.5280413010638976
g17185,-0.007512441666289463
g17187,2.778394534001521
g17189,-1.946509772233206
g17191,-0.733613853098704
g17193,2.6111494602184773
g17195,0.7641114284814905
g17197,-4.732888946892139
g17199,0.9246411635322466
g17201,0.6508551023377364
g17203,-2.9035145250906655
g18001,-0.27127190477005503
g18003,-1.1224521917733252
g18005,-2.373935303452531
g18007,0.06708835237878591
g18009,0.9744024715063775
g18011,-5.680803793816262
g18013,-0.3153515059686358
g18015,-1.569118623559935
g18017,0.7392455240115396
g18019,-0.7173268635781888
g18021,-0.3046021032998625
g18023,0.8107902687358802
g18025,-0.8555088216996344
g18027,-0.6715107974313825
g18029,-2.998789069273784
g18031,-1.419726875786513
g18033,-2.5682463999345178
g18035,1.832272389407751
g18037,-2.653184216688201
g18039,-0.8726884333748635
g18041,2.524433952426344
g18043,-1.0780526174717049
g18045,-1.0678137834620438
g18047,-3.186242562570797
g18049,-2.117679493599057
g18051,-2.2631310229613044
g18053,2.125856447520448
g18055,-0.8786560212689264
g18057,-7.536269494309272
g18059,-3.740157306715406
g18061,-3.0071400455722253
g18063,-5.338326278951453
g18065,-0.26976694935321743
g18067,0.9214816265502241
g18069,-0.8428341536703297
g18071,-1.459288223820063
g18073,-2.817783478316295
g18075,0.09117158142182272
g18077,0.2742552702296541
g18079,-2.528906447283008
g18081,-3.3473459801806933
g18083,-0.115899431675645
g18085,-2.7008454043924273
g18087,-0.5189389190311822
g18089,0.8927429270303288
g18091,-1.3017973812549384
g18093,-0.1587665125824874
g18095,0.7176812555623918
g18097,0.7846918689290626
g18099,-1.1041370301276863
g18101,-2.1224989470523496
g18103,-1.8655140310063043
g18105,-2.034302746983418
g18107,-0.7275528490352275
g18109,-2.7868142417593935
g18111,-1.273020676075528
g18113,-1.297890195747368
g18115,-0.6631244465514219
g18117,-0.3869927457867972
g18119,-1.8712626214780914
g18121,-1.0298995056093712
g18123,-2.458377260510907
g18125,-2.496027542930926
g18127,-3.2565096158388416
g18129,-3.078507998999869
g18131,-1.1088583905554041
g18133,-3.5507926015126743
g18135,-0.11946571343749202
g18137,-0.7925707305018825
g18139,-1.1060536285219351
g18141,0.017352607560749078
g18143,-1.2042770821315392
g18145,-0.9653663589197665
g18147,-2.8858734966577266
g18149,-0.2151182303437092
g18151,-2.4210548817301323
g18153,-2.5069559684613623
g18155,0.00028140259653941513
g18157,-2.641694167187045
g18159,-0.5844784591411717
g18161,-1.853370236235817
g18163,0.7201495555941845
g18165,0.8548665977079088
g18167,-0.2794382665830345
g18169,1.6400053771053136
g18171,-2.785973929036137
g18173,-3.439059277828877
g18175,-1.783684942711829
g18177,2.6689303309300927
g18179,-0.8666992537728841
g18181,-0.4313993945304466
g18183,-3.189707732534165
g19001,0.27245394620819563
g19003,1.6350418793896562
g19005,0.8394280759808028
g19007,1.5655812220430412
g19009,2.513923691674169
g19011,-2.1082670502347467
g19013,-0.05711337743653444
g19015,-1.6492255941256504
g19017,-1.7188462920092986
g19019,-1.949667179238182
g19021,1.1840575214392102
g19023,0.5063524028827602
g19025,2.5740284478684696
g19027,1.5074499706791809
g19029,1.5846648203708487
g19031,-1.2178962279198935
g19033,0.8958515601047132
g19035,0.6666836739214942
g19037,-1.5604045693683868
g19039,1.5261018048465056
g19041,0.26532907554081286
g19043,0.4902485750876503
g19045,-0.16066218073254024
g19047,1.4513529016644178
g19049,-5.412929245243655
g19051,-0.13019959043689489
g19053,0.8987772562330916
g19055,-1.5954063804866547
g19057,1.3096456489399118
g19059,-0.29932884563521084
g19061,-0.5741244028642554
g19063,0.3310046876779863
g19065,0.4547774828503617
g19067,1.1118932803785322
g19069,1.0222623680644753
g19071,0.3684854397174684
g19073,0.4879796005465553
g19075,-1.627229594594048
g19077,-0.23138253368318237
g19079,-0.1368414757762157
g19081,-0.35969657899790203
g19083,0.43836265849556977
g19085,-0.13646423802015428
g19087,-0.031052430545402965
g19089,0.7195223532091849
g19091,0.2811110059178076
g19093,0.7312664593462644
g19095,-1.4895006747456265
g19097,-0.44228265618787316
g19099,-0.7630391671809409
g19101,-2.8212355017536668
g19103,-3.8005881767187515
g19105,-1.114993817725468
g19107,1.0486117301043958
g19109,0.48562370266514526
g19111,0.6522262558761235
g19113,-2.6025461856229914
g19115,-0.03404804926239707
g19117,0.773667532796011
g19119,-1.0555083389886661
g19121,-2.9812112509551048
g19123,-1.1305456222121495
g19125,-1.701707399470884
g19127,1.3347201094351022
g19129,-2.594826260607951
g19131,0.36757265594112354
g19133,2.9099055024467013
g19135,-1.483684992198036
g19137,2.3081561069447845
g19139,-0.2997588394274209
g19141,0.5530060139079285
g19143,0.29147542306145136
g19145,0.858299064472791
g19147,1.2196018885156883
g19149,-1.6317819235090358
g19151,1.5991787315279147
g19153,-2.311178532556478
g19155,0.10345547330270877
g19157,0.9327360261756568
g19159,2.686507994081345
g19161,1.1845388860512511
g19163,-1.8796650675670765
g19165,0.6275638928885148
g19167,-2.239755051675917
g19169,-4.574720929445064
g19171,1.9444680504202356
g19173,2.1675371059606867
g19175,0.8631723090311473
g19177,0.6098952980666714
g19179,1.3733611031671547
g19181,-2.378237077154363
g19183,0.07056865858143077
g19185,2.040913689056908
g19187,0.4733615109861632
g19189,0.09452071433534295
g19191,-1.0421226617022126
g19193,0.41936285769722403
g19195,-0.6560389700061291
g19197,1.6475686582856892
g20001,1.396786312400615
g20003,0.6236826011850548
g20005,0.8095299746416649
g20007,-0.3492765785001388
g20009,0.750467504152331
g20011,1.6194227215392432
g20013,4.031227785152055
g20015,-3.12678679891903
g20017,2.4895472721632244
g20019,3.3648413485254176
g20021,1.0458091590739866
g20023,3.123777021058946
g20025,3.568746296517674
g20027,0.04708671361615324
g20029,3.7881712845243958
g20031,0.29999129924610496
g20033,2.773850445461908
g20035,0.8800970115176645
g20037,0.21165949291461428
g20039,4.2652027024615435
g20041,-0.2386395097784989
g20043,-1.6782470958230409
g20045,-3.1739380216318174
g20047,-0.6855431049573775
g20049,2.841586916264965
g20051,-1.2788246360880868
g20053,-0.9201269658125091
g20055,0.24009027169398584
g20057,1.0341830698350178
g20059,-0.899419542594978
g20061,-1.8492801431428991
g20063,-0.26398444269699206
g20065,1.0570698415408573
g20067,-1.023173264977749
g20069,-0.9596248083964671
g20071,2.8026463483993718
g20073,2.9330625417643654
g20075,-0.6581165922442143
g20077,2.0050372276176325
g20079,0.8652731423629916
g20081,-1.612141937976682
g20083,-2.0029562766343147
g20085,-0.2261817147688887
g20087,-3.0721664435717924
g20089,1.7455020439613846
g20091,-5.314728866957119
g20093,-2.1611102850473314
g20095,-0.23050185179958127
g20097,0.11386940599138634
g20099,1.5713519352675247
g20101,-0.43170845802882374
g20103,-3.5991576187897714
g20105,1.492201642337597
g20107,-2.3054721157789526
g20109,0.6585968690502066
g20111,1.7051133228734725
g20113,-0.4034103344572186
g20115,0.8696806153193656
g20117,1.0168669802084287
g20119,0.7233484340294299
g20121,-3.093394891655545
g20123,0.14375403178510232
g20125,2.099595676320204
g20127,0.715536357789426
g20129,1.0215029929053978
g20131,1.7154147395789594
g20133,1.7123572894064383
g20135,3.169195316556097
g20137,-1.1485940031835458
g20139,-0.8117233171969622
g20141,2.2074228246482948
g20143,-2.622240212012236
g20145,-1.8765269588022249
g20147,1.1679533386050824
g20149,-3.3556409691896754
g20151,-0.0812183581041887
g20153,2.241132820503007
g20155,0.7967617424181839
g20157,2.349138801057414
g20159,1.2583863866955982
g20161,-3.8255417916237535
g20163,1.2082390985735814
g20165,1.80176641717385
g20167,0.40655217594899484
g20169,-0.05370944256397836
g20171,-0.3826912985953268
g20173,-1.2574070177764076
g20175,1.831120339276725
g20177,1.1655966026210398
g20179,-0.19219480476604822
g20181,1.5625131275966495
g20183,3.6020592590893346
g20185,2.09609873254153
g20187,0.12350149719173831
g20189,-0.7302505031534137
g20191,-0.6610026813392821
g20193,-0.6722245109631362
g20195,0.6326651616371328
g20197,-2.2088046492480027
g20199,-1.0381937201408606
g20201,0.5405995435706441
g20203,-1.3702289046744323
g20205,2.367235686901485
g20207,2.431345588504448
g20209,3.0566946896795377
g21001,0.35276064436044463
g21003,-0.21486732766592542
g21005,-2.1645336524564125
g21007,-1.9686870594714456
g21009,0.8907743177846844
g21011,-0.80297537515771
g21013,3.4676161046855136
g21015,-4.712390652635992
g21017,1.4007298580505656
g21019,0.011518332616410665
g21021,0.8813389362611157
g21023,-1.6327611379018454
g21025,2.993031105786196
g21027,-1.0968790020763863
g21029,-3.7158867233678707
g21031,-1.7269169191206515
g21033,1.9233060489064038
g21035,-0.1905149325168965
g21037,-1.5392087915620698
g21039,0.8553919310250354
g21041,0.5718121040946744
g21043,-1.226264472052716
g21045,1.0947566778832383
g21047,-0.22828699738916047
g21049,-0.9729971102101285
g21051,-0.32029549430571524
g21053,0.842401920836525
g21055,0.48217823486710776
g21057,2.917349911951238
g21059,0.06782115606912445
g21061,-1.0398310284954717
g21063,0.8913787408778042
g21065,1.450801721649927
g21067,-1.5350689829687063
g21069,-2.0394805113735313
g21071,1.3171262799733707
g21073,-0.346422723675216
g21075,-0.13499834122799248
g21077,-1.210295655539333
g21079,-1.6625045869904882
g21081,-2.6325372801252493
g21083,0.17208553149730288
g21085,-0.6797402203824131
g21087,1.1484981196921904
g21089,0.39618430544281774
g21091,-2.290410402935386
g21093,-1.867801709527695
g21095,1.3019081174063276
g21097,0.557936032385979
g21099,0.10053098707937569
g21101,0.09540834661234444
g21103,-0.45713712513765725
g21105,3.9405260205375696
g21107,0.7387993208837849
g21109,0.6136860195497711
g21111,0.1178447358069239
g21113,-1.25069125804021
g21115,-0.8440304913631584
g21117,-2.003494344013949
g21119,-0.044022063626564245
g21121,2.4883531471893194
g21123,-1.6833857180903409
g21125,-0.9573099697886485
g21127,1.0378746367402034
g21129,-1.9792218258764913
g21131,0.34252159534306426
g21133,-0.15975179792201555
g21135,1.0040661917052247
g21137,0.17067104865335925
g21139,0.8191784348256561
g21141,-0.6650086014040029
g21143,-0.5141491936342724
g21145,0.8417897518903814
g21147,-1.0921601264893375
g21149,0.5425315276513222
g21151,-0.495926825239943
g21153,0.6656085138471017
g21155,-1.6270914998072583
g21157,0.8407522801025225
g21159,1.1934610416616107
g21161,1.5979178944640267
g21163,-3.491655005919614
g21165,2.593011491289358
g21167,0.3898546762897429
g21169,-1.6126281416463677
g21171,0.6028509712836956
g21173,-0.5365238590839506
g21175,-2.2732897342121094
g21177,-0.5081328902372191
g21179,-2.0527692738759926
g21181,0.6598599299310385
g21183,0.003580905327998707
g21185,-7.634419653126871
g21187,-1.5767458436100656
g21189,5.610831393716904
g21191,-2.31822891464207
g21193,0.40792499180310404
g21195,-0.46908043460270554
g21197,1.7570736491344097
g21199,0.8333675444993349
g21201,0.4215879889388836
g21203,1.2327097697647362
g21205,0.5833289208084613
g21207,0.9452000329933681
g21209,-3.378982366574987
g21211,-1.0805759581392627
g21213,-0.04565440580378258
g21215,-4.990845109126759
g21217,1.7080549818850161
g21219,-0.3466775386932842
g21221,-0.6973695462076531
g21223,-3.854247491676314
g21225,-0.9124862878099795
g21227,-1.1864786779100154
g21229,-1.1652592153546064
g21231,0.922049718032653
g21233,-1.227749677496435
g21235,2.1605053413453907
g21237,5.486796988919901
g21239,-3.2062020766370076
g22001,0.37609902749156765
g22003,-1.2648865419325006
g22005,-5.633392191470211
g22007,-2.3676495659599164
g22009,2.6101204153377324
g22011,-2.989046167601309
g22013,3.516859087347187
g22015,-1.7473449751413206
g22017,1.741621562519845
g22019,-1.0107173829594176
g22021,-0.9542232421175217
g22023,-5.829407096200727
g22025,-1.4375891145271154
g22027,0.4491290952652994
g22029,2.897732118541033
g22031,1.4499771473646765
g22033,-1.2861708761784216
g22035,5.738577000502801
g22037,-0.7938546361891006
g22039,1.1951315011379098
g22041,2.619762823460362
g22043,-3.1134423403519653
g22045,-0.3307509090458513
g22047,-2.0177037454733457
g22049,0.29592170708984233
g22051,0.13681835419307908
g22053,-0.9036096018226276
g22055,-2.5196879996182155
g22057,-1.7957270907536116
g22059,-2.3793581224219675
g22061,0.5409741272733716
g22063,-4.708744083088516
g22065,2.0563530511347112
g22067,3.7751490317343523
g22069,1.5770771490632365
g22071,1.9361515738241881
g22073,0.503215554500193
g22075,-4.52991396802091
g22077,-0.6133586116022776
g22079,1.224939484959974
g22081,0.6967819582580601
g22083,1.5078597250430348
g22085,-0.38527469970465056
g22087,-2.052031322284184
g22089,-3.873089307843076
g22091,1.7941391480766677
g22093,-0.850400952470846
g22095,-0.9187101588477647
g22097,1.7151096483855577
g22099,-0.7921597025085156
g22101,-0.24414717388678808
g22103,-3.7958542566073055
g22105,-1.0347990403643612
g22107,5.699095378085923
g22109,-2.3474012370573805
g22111,-0.20499035802580545
g22113,-1.737627815760307
g22115,-2.662252354569218
g22117,2.2652701393996937
g22119,1.1483759832197873
g22121,-2.1598848004144227
g22123,1.788063681552708
g22125,-9.449577416822972
g22127,-0.1358726333626895
g23001,-0.217032328546177
g23003,2.269050478787072
g23005,-1.7823497711225726
g23007,1.958517464141781
g23009,0.26558317108447005
g23011,-0.12666436730451858
g23013,0.3291814909846322
g23015,0.1038969250974826
g23017,0.8917911508230567
g23019,-0.2296382401789555
g23021,2.1846314594003724
g23023,-1.2923236647544174
g23025,0.31592461315139114
g23027,0.14286341903674016
g23029,2.7430888232247783
g23031,-1.2637448983221053
g24001,1.495392358582043
g24003,-6.004345926317842
g24005,-1.9004535360974852
g24009,-6.297654297442093
g24011,-0.8096629012491083
g24013,-4.99115718973259
g24015,-3.286828569759223
g24017,-5.781842955006182
g24019,1.7975273583407665
g24021,-5.442433919274284
g24023,0.19115297959633457
g24025,-4.83818389685026
g24027,-9.284888946017595
g24029,2.3480262516620067
g24031,-4.909569447043112
g24033,-1.8142210729169639
g24035,-4.955363899894885
g24037,-5.6956038322357925
g24039,0.2609680843021074
g24041,1.1827854841160856
g24043,-1.4291006095505656
g24045,0.483920699852318
g24047,1.330804599825395
g24510,4.896277959353594
g25001,1.3442131258561378
g25003,2.432762593179338
g25005,0.811281004232503
g25007,-1.3248829051016429
g25009,-0.37479544005295823
g25011,-0.8135854942607935
g25013,3.3651509556269863
g25015,-1.6547197132757407
g25017,-4.361207022507963
g25019,-6.081977455336574
g25021,-4.522020199691441
g25023,-2.6830986504451153
g25025,4.270135824959353
g25027,-1.7285869283741249
g26001,5.2110827118504135
g26003,1.95218519347702
g26005,-2.394546637928339
g26007,1.2154838228011706
g26009,1.9113693611957563
g26011,1.8152272689464488
g26013,2.7331466101619197
g26015,-3.0698439694672066
g26017,1.0802381171060431
g26019,1.9546658016451621
g26021,1.2355631537537302
g26023,-1.0479134448146752
g26025,1.1501171221999966
g26027,-1.2234608475948265
g26029,0.09405331435903358
g26031,2.465876731966569
g26033,0.41216685257662933
g26035,3.1700690159791973
g26037,-2.6778472257787302
g26039,2.496562441658722
g26041,1.6856101665447354
g26043,0.38053049365602293
g26045,-1.5007554712292976
g26047,-0.2381067006069002
g26049,1.1602652279519627
g26051,1.9041897469307059
g26053,3.3118540325319787
g26055,-1.1619486745236025
g26057,0.046362493258937265
g26059,-0.61366642998999
g26061,-0.26678095395287027
g26063,1.5825113310206054
g26065,-0.451115962370906
g26067,-3.026970553582962
g26069,5.404821750585498
g26071,5.495167159420654
g26073,1.127794015720047
g26075,-0.46470424698143253
g26077,-1.0549807550190415
g26079,0.4980692859670819
g26081,-1.4756538870092706
g26083,2.792125903158392
g26085,5.089723348700865
g26087,-3.0643532979269623
g26089,0.5717887226468881
g26091,-0.13938627454898922
g26093,-5.500962005857314
g26095,1.0420689830013656
g26097,5.228034437420888
g26099,-0.9892552409371449
g26101,1.644157851476268
g26103,0.14921001369537912
g26105,1.867204815326491
g26107,-0.08185777809537642
g26109,1.1006544875220556
g26111,-2.7474226080325668
g26113,-0.34794866826053694
g26115,-1.8811903708304045
g26117,-1.8744665948310786
g26119,5.332720069071776
g26121,0.7499009576376297
g26123,-1.0000393329661525
g26125,-3.783778165347196
g26127,1.7496808934640409
g26129,4.692559983236851
g26131,3.8598899001868903
g26133,0.45592990866190636
g26135,4.54961965043849
g26137,0.3336187506751216
g26139,-3.2564043923099453
g26141,2.7970957321965604
g26143,5.510510620376007
g26145,1.9870440339744377
g26147,-0.7261748714913293
g26149,-0.9230265171736352
g26151,-0.2667177131992267
g26153,4.474759453363136
g26155,-0.69699930272984
g26157,0.34508054080991546
g26159,0.38382735132934814
g26161,-3.9783867917829494
g26163,2.3693153915747827
g26165,-0.2343544044807683
g27001,3.7590976566722523
g27003,-4.948174031012159
g27005,0.20891533374392152
g27007,1.4281155187052565
g27009,-1.4268639847825886
g27011,3.6268959857019416
g27013,-2.0516365312227465
g27015,-0.05462906602674309
g27017,-0.8631774854259067
g27019,-6.855849108580731
g27021,1.8751367551006402
g27023,0.7172086019695301
g27025,-4.5575306403084275
g27027,-1.1369310134368
g27029,1.5492063435628873
g27031,2.3885624885247756
g27033,2.0854810185763317
g27035,0.4158552707263169
g27037,-4.782143726438621
g27039,-3.0906816531766705
g27041,-0.5844977062929629
g27043,1.0744367901544332
g27045,0.9235637944488838
g27047,1.8879583730529046
g27049,-1.2335938157608226
g27051,2.028034089021951
g27053,-3.0466089085648247
g27055,-0.38649563455926583
g27057,0.4089174307398472
g27059,-3.3421300405485623
g27061,0.7181924039352666
g27063,-0.9772656127502756
g27065,-1.1117439145470343
g27067,0.033153925379954596
g27069,0.6881835232456301
g27071,1.325817804667857
g27073,0.5335209395026552
g27075,2.536741029044627
g27077,-1.683167238202254
g27079,-2.138770823528263
g27081,1.873531875590621
g27083,-0.8000406858171762
g27085,-2.095947581718025
g27087,7.928450592376765
g27089,-1.6681960155487892
g27091,0.23737201155544962
g27093,-2.0718095037181183
g27095,0.21629271389187815
g27097,-0.7696433930870363
g27099,1.1949196764901673
g27101,0.8846301727490513
g27103,-2.785025574675751
g27105,2.0628028524368887
g27107,2.1909218905832337
g27109,-2.8562940623498076
g27111,0.8311051189535636
g27113,-1.1861197777075019
g27115,-0.5786855816562508
g27117,2.55365437126913
g27119,0.547766081809032
g27121,-0.14059396235939875
g27123,-0.3323436535833388
g27125,-1.3832854890029211
g27127,0.6995807611018973
g27129,0.39785876415135196
g27131,-2.1343950366457096
g27133,1.11569692641809
g27135,-3.083657022783888
g27137,0.7650189350670458
g27139,-6.525928263183915
g27141,-5.512184996246449
g27143,-0.8194221574196305
g27145,-2.337131220519449
g27147,-1.5797266283774332
g27149,-1.315088917335052
g27151,0.5565218995581698
g27153,-0.388494814005351
g27155,2.40890606586703
g27157,-1.3896024186996612
g27159,2.1220717095655113
g27161,-1.406706405683852
g27163,-5.99021189415519
g27165,1.4155231212327675
g27167,-0.8194032596768904
g27169,-0.9746365752643066
g27171,-5.183865586114317
g27173,0.9255794578884214
g28001,2.468506944283381
g28003,0.08827126417458675
g28005,1.3330729384833853
g28007,2.382214824754791
g28009,-1.2950244472504648
g28011,3.996600573717071
g28013,2.2097695467162186
g28015,0.023533235653187656
g28017,1.7781467257600037
g28019,1.7612130981496754
g28021,3.344969917671021
g28023,-0.26324833164442873
g28025,1.1230732623050894
g28027,6.645723174387951
g28029,-0.4312884962513157
g28031,-0.09766063183911444
g28033,-3.441345211946675
g28035,0.16299671601807197
g28037,-0.5185236644654105
g28039,-4.931707818667212
g28041,-5.283857781688244
g28043,1.4253599701131112
g28045,-1.4566808494880348
g28047,-0.32494566108284406
g28049,1.3384283929967469
g28051,4.267129368107929
g28053,6.261860287522675
g28055,-2.8559518886781756
g28057,-2.3252445291215285
g28059,-1.7833873110152907
g28061,0.0479640038291258
g28063,4.325765086704444
g28065,0.6117299833360106
g28067,-0.7386057884160577
g28069,3.5670680931584178
g28071,-2.6623515934842144
g28073,-3.8855230175693936
g28075,0.9867869700360279
g28077,-1.8604177219193812
g28079,0.5590371007078385
g28081,-0.3651597282935848
g28083,5.640951908947509
g28085,-0.631333208263926
g28087,0.7785160445501177
g28089,-4.495729198596053
g28091,0.5475106342624344
g28093,-0.39333773872042843
g28095,0.5075037532451648
g28097,2.3831435698940346
g28099,3.4547818785142077
g28101,0.38495413615543833
g28103,3.3021554862422233
g28105,-1.9021411325204542
g28107,0.47815985658796534
g28109,-1.5998363812750576
g28111,-2.393450853591206
g28113,1.1829171888133945
g28115,-1.3901976573308805
g28117,0.12345617613521331
g28119,4.38101327640048
g28121,-3.540603183782975
g28123,0.13497400592756215
g28125,8.07550386574091
g28127,0.23840359531144117
g28129,-1.178081009638366
g28131,-2.6102758058063453
g28133,1.5742136468595749
g28135,2.847628195560125
g28137,-1.3227835121222207
g28139,-0.7755421282254396
g28141,0.8518821540592736
g28143,4.791343069705134
g28145,-1.0172082784984164
g28147,-0.3933003965215527
g28149,0.8016326821743808
g28151,4.910597963297955
g28153,-1.4498168347900258
g28155,-0.36096905736753904
g28157,1.718905009351937
g28159,1.9893983292543935
g28161,1.4026682005644748
g28163,0.9071049614162616
g29001,0.46035623024200445
g29003,-1.4372230710940181
g29005,0.2995297495029624
g29007,2.176639232036406
g29009,0.09772148376278622
g29011,-0.06116610134715328
g29013,0.20081803010315513
g29015,2.867800676183624
g29017,-1.1663327348131125
g29019,-2.9132435207529985
g29021,0.6827275784421908
g29023,2.797775322991441
g29025,-0.42268061191930095
g29027,-2.8086693566264
g29029,2.3585406197560297
g29031,-0.10336120953602074
g29033,0.0801368010513982
g29035,3.662802142516733
g29037,-2.652824211408058
g29039,2.2607575979958145
g29041,2.6256437154056016
g29043,-2.7467399488232673
g29045,-0.5692395963684596
g29047,-2.841968124647361
g29049,-0.6800965372567214
g29051,-1.9012468112853433
g29053,-0.7337928910635947
g29055,0.9021233544419552
g29057,1.1209560003203702
g29059,-0.9476415564100272
g29061,0.06437359908801299
g29063,-4.686499992983984
g29065,1.3088955944994751
g29067,0.4881041871280192
g29069,4.385595714147538
g29071,-2.0048779041751765
g29073,1.2027489304311474
g29075,2.9641292704864712
g29077,0.02158497033447837
g29079,2.895594528291171
g29081,1.507990478582772
g29083,1.8937253051067953
g29085,4.686607258742946
g29087,2.274586117381516
g29089,0.5182073120444866
g29091,1.0966635373998925
g29093,3.4908176073829633
g29095,0.4019995376212816
g29097,0.7724556549100419
g29099,-3.184796463283741
g29101,-1.983842903597987
g29103,1.585751208324618
g29105,-0.49050299537498177
g29107,-0.9464527519873029
g29109,1.004092725733944
g29111,1.1984403369987202
g29113,-3.279411399496104
g29115,2.0268345247459965
g29117,3.324153289633826
g29119,-0.24460515504667008
g29121,2.9034044566199864
g29123,1.9371609204008415
g29125,-0.17378118903490455
g29127,2.1707921554963754
g29129,2.1716831662129272
g29131,0.9686249636239802
g29133,1.993789834873753
g29135,-1.5181356737724312
g29137,1.291896262685419
g29139,1.5976281268330288
g29141,2.712980371341968
g29143,3.8414534413999206
g29145,-0.8385647686114299
g29147,-0.34191197149778896
g29149,1.6504885985345061
g29151,-3.644203296637433
g29153,2.248752629787955
g29155,5.241524344213855
g29157,-1.5039517924236394
g29159,0.3542655324571895
g29161,-1.3767932549635198
g29163,-0.26328161177393583
g29165,-4.426221442180101
g29167,0.15591949880153805
g29169,-4.0421251672416005
g29171,0.6982325257855075
g29173,-1.5904363402694623
g29175,-1.2298325065370623
g29177,-1.3776529479634967
g29179,3.1902942771860943
g29181,3.1482552225542686
g29183,-4.758202661655824
g29185,2.3450200552385017
g29186,-2.609923950689399
g29187,-0.6398283708094694
g29189,-1.3582403827765461
g29195,1.7881928624957366
g29197,2.223543630830544
g29199,1.240221583646033
g29201,1.7163572396334303
g29203,0.6230821862821917
g29205,2.1010429238857604
g29207,0.8704988374071112
g29209,3.6360846751041453
g29211,1.9577940766442747
g29213,3.2641394310492187
g29215,0.7410607675775183
g29217,3.497919661599168
g29219,-1.5519626060368572
g29221,0.09434044149469534
g29223,2.4115043819443507
g29225,-2.1781414580251353
g29227,3.963204540805262
g29229,1.3955908941998212
g29510,4.144778177461291
g30001,-1.3316043421897723
g30003,6.315310435699606
g30005,4.658972197282231
g30007,-2.7209712864308635
g30009,-0.6901172686121001
g30011,0.6052669486319546
g30013,0.3132467743168303
g30015,2.9887877314254294
g30017,1.4326738455825438
g30019,2.006695719928529
g30021,-0.4703037482950461
g30023,4.068344852543533
g30025,-1.2397014063722271
g30027,1.1204263592494148
g30029,-1.6572389843464275
g30031,-5.458833013863586
g30033,1.1652155793576475
g30035,7.7055655535437015
g30037,-0.3363890008283261
g30039,2.4128648637768046
g30041,0.04062584090874023
g30043,-4.449598444104305
g30045,-0.526144907724579
g30047,3.659490089330556
g30049,-2.3451960297999266
g30051,5.555203307747705
g30053,0.5552628956142946
g30055,-3.0560644644901327
g30057,-1.9043847379980383
g30059,3.8497603791741986
g30061,4.065427359405316
g30063,-2.3923145600666538
g30065,-1.9171493695565704
g30067,-1.1822935369037548
g30069,-3.4926802015834126
g30071,-0.17914258796636107
g30073,3.8441876057658906
g30075,-1.5273813863383392
g30077,-1.53062137837876
g30079,4.083195468421401
g30081,-0.35794613581186296
g30083,-4.320711943292148
g30085,4.865031792950637
g30087,1.1806086941552643
g30089,2.137726599333913
g30091,0.163975355606247
g30093,0.9398950242835428
g30095,-4.019401552060625
g30097,-2.2206549417763743
g30099,-0.19468025226082197
g30101,-2.0625135785213335
g30103,-3.0744172212902123
g30105,3.0612261974575863
g30107,2.7931206240402586
g30109,1.121346813077707
g30111,-1.5161055881631604
g31001,-0.3685674908859189
g31003,0.033911169651050344
g31005,-3.4714137339811817
g31007,-0.10154967056934328
g31009,-0.2852202991001175
g31011,0.07766530879948541
g31013,-0.733873513762971
g31015,1.1630661974708856
g31017,2.4328286836654605
g31019,-1.5021859247695426
g31021,1.2672016133017903
g31023,-1.6233947052471305
g31025,-3.664459070059679
g31027,-0.25666523078446013
g31029,1.4842382188743628
g31031,1.7413069073768148
g31033,-1.0454939771661313
g31035,-0.5332795890199626
g31037,1.2081145374198397
g31039,0.3712968244632834
g31041,-0.1558515784615957
g31043,1.9792948062930869
g31045,0.9963413823460799
g31047,1.24656193984685
g31049,0.579411240913518
g31051,1.3597727128595662
g31053,1.5430737546448632
g31055,-1.3496320133749038
g31057,0.012213338723449318
g31059,1.1590256092619118
g31061,1.5909731353948093
g31063,-2.0532600293147247
g31065,2.427586754525894
g31067,1.8756374431203817
g31069,4.069224660423435
g31071,2.944558048659905
g31073,0.6503641429502283
g31075,-2.4689327375513725
g31077,1.0976515886249243
g31079,1.6455367744045597
g31081,-2.3237211533913147
g31083,-0.950328958110374
g31085,-3.149875391324761
g31087,-0.36056937651703747
g31089,0.7750450746381327
g31091,0.16201411781385933
g31093,-2.556513249700987
g31095,2.720892460778884
g31097,-2.115373600942915
g31099,-1.8914744732363427
g31101,0.21836314032825557
g31103,2.0372601769340193
g31105,0.9053363297021966
g31107,3.3419789256434296
g31109,-2.5381704874303295
g31111,-0.8924548145885725
g31113,0.15990421580198344
g31115,-4.43938510488617
g31117,-2.47096251442086
g31119,0.9417946112423468
g31121,0.40907043438357626
g31123,1.3018170810876164
g31125,1.3599984129031897
g31127,-0.22186953854093172
g31129,2.854428926182853
g31131,0.9177851916814278
g31133,2.0671083076433474
g31135,-1.3991623874694648
g31137,0.335844100703761
g31139,-1.4047562375727194
g31141,-1.245670325133322
g31143,-0.11345204833063005
g31145,-0.4647386849470742
g31147,2.4809365839415927
g31149,0.5835944089471055
g31151,1.20148842065388
g31153,-4.301743177205628
g31155,-2.83117139698097
g31157,2.636162506661002
g31159,-4.001331203294737
g31161,3.630035041583033
g31163,1.0972469429025828
g31165,-1.284868918813111
g31167,-2.0090667986041653
g31169,2.8187561434518655
g31171,-3.0526997889586034
g31173,6.168557341926989
g31175,2.2607903462572456
g31177,-3.681662170685314
g31179,-1.7685710160982473
g31181,3.862235669239203
g31183,-3.5486968455490424
g31185,-0.1097693673841863
g32001,-0.31032751740150677
g32003,1.5965563644305025
g32005,-0.5013982431978896
g32007,-3.4675856202723323
g32009,-1.9668203813307161
g32011,-4.542642440343023
g32013,-3.243665852917945
g32015,-6.1735419522822745
g32017,0.24723274212880494
g32019,-1.0732828372940566
g32021,2.97085678130166
g32023,1.803421833909534
g32027,-4.331258972846985
g32029,-5.2097230191978285
g32031,-0.5158000107903935
g32033,-0.9019068713859546
g32510,0.15323217361548302
g33001,-0.9028236424962963
g33003,1.0491939180474448
g33005,-1.9918732615647106
g33007,2.03066564403087
g33009,-1.9250326606981525
g33011,-4.0520543325725535
g33013,-2.9085622530564015
g33015,-5.921354939168631
g33017,-2.577968594108578
g33019,-1.1900312976453618
g34001,3.494226860670482
g34003,-3.796099508499928
g34005,-4.185655079470817
g34007,-0.30839674887461277
g34009,1.8173469367751856
g34011,2.34843854016104
g34013,2.107197696313706
g34015,-3.6570673030093226
g34017,3.938566256316453
g34019,-8.550042806015027
g34021,-2.2223583117478523
g34023,-3.7013392395055367
g34025,-4.727551115940841
g34027,-6.56314489431181
g34029,0.565921781592958
g34031,2.3348961915914486
g34033,-0.38350362518972275
g34035,-7.0505180330354955
g34037,-5.6431766294814185
g34039,-0.05527676588053532
g34041,-2.9915819592931445
g35001,1.6202542611684145
g35003,1.8409005444334507
g35005,4.097186647313823
g35006,8.222472801363388
g35007,5.151086404293296
g35009,0.9989068159214034
g35011,5.264974214367632
g35013,4.108376513955516
g35015,0.26401602963588744
g35017,4.825447171634222
g35019,4.338670051899716
g35021,1.1326353919550063
g35023,7.128223454831895
g35025,-0.044313154138933
g35027,5.078075792647054
g35028,-7.655463464030282
g35029,7.619582561119596
g35031,10.16987377886852
g35033,3.599404520859587
g35035,2.5862032764613767
g35037,4.995991763112415
g35039,5.939184384699949
g35041,1.7393655518920796
g35043,-0.11822614645927265
g35045,1.10704485842026
g35047,6.16945728681346
g35049,1.7292216826156035
g35051,8.910214704202057
g35053,4.443393992971667
g35055,5.460357333917509
g35057,0.9552528130743855
g35059,-0.8492539923920864
g35061,1.3720302505793591
g36001,-0.6101369619948331
g36003,-0.7010926169648127
g36005,17.083246339869568
g36007,0.8978235404780281
g36009,1.1558054554004205
g36011,-0.5532379197402031
g36013,2.0505694274015385
g36015,1.318473211245045
g36017,-0.02252154150681568
g36019,-1.328189707052224
g36021,-0.6693155698879043
g36023,0.13110528186067238
g36025,1.9605899975981615
g36027,-2.5773509378087964
g36029,1.067509660682218
g36031,0.5949748198175266
g36033,-0.3093017208418547
g36035,1.7028120743617627
g36037,-0.5643815595490297
g36039,0.20419126267483234
g36041,1.9729379479704643
g36043,1.224353778477746
g36045,-0.8039210134943593
g36047,10.405967411259146
g36049,-0.82295415473313
g36051,-1.714721570765017
g36053,-1.6565534684898875
g36055,0.2286518631361394
g36057,2.499010375536707
g36059,-3.9340272548184276
g36061,9.00440649927377
g36063,0.823684818983835
g36065,1.640395758449668
g36067,0.147415507020892
g36069,-1.2259160864678844
g36071,-2.053499169865411
g36073,-0.1535497663991841
g36075,-1.0018130399685232
g36077,0.927347263381408
g36079,-5.867171535820179
g36081,6.067923955551853
g36083,-1.0766141682771373
g36085,-0.1669569693703452
g36087,-1.8796963550462595
g36089,0.3276204388001941
g36091,-3.9082412982030186
g36093,0.5768244020283334
g36095,-1.3752899203515596
g36097,-0.792563320353822
g36099,-1.2510219961738809
g36101,-0.27399731366796587
g36103,-3.5626392704153558
g36105,0.9137476989607902
g36107,-2.4708172534815285
g36109,-3.3009151835005155
g36111,-1.062678658448308
g36113,0.1285834469740208
g36115,-1.2759685748217677
g36117,-1.1735648633061329
g36119,-2.0907459228328245
g36121,-2.9691045304407035
g36123,1.1463140286297306
g37001,0.8254981994523607
g37003,-2.019899385762551
g37005,2.267127012867494
g37007,-0.13362682364834974
g37009,0.7584442675128166
g37011,-0.7550240172417468
g37013,1.5391411934693484
g37015,1.893225534286385
g37017,2.3385663717648475
g37019,1.0543366097856048
g37021,0.5225278719000348
g37023,0.6820539760431616
g37025,-2.7798976341752097
g37027,-0.7987774972693873
g37029,-3.5484801682356153
g37031,0.5119669550687527
g37033,1.0571793807488246
g37035,-1.0114852419392593
g37037,-0.8453343714709723
g37039,2.4142386675862415
g37041,3.561283275946272
g37043,2.33382901963393
g37045,0.7668456149893976
g37047,2.0234525209234544
g37049,0.009011688034851195
g37051,0.06903720228923027
g37053,-3.3690744510405164
g37055,-1.2453317450528274
g37057,-1.1836296445819194
g37059,-2.0859741851502527
g37061,1.3479463566159318
g37063,-0.46093399311840155
g37065,3.32338684442308
g37067,0.3628284399321075
g37069,-2.652283449114426
g37071,-0.432696250931916
g37073,-2.115578417041795
g37075,1.6409806666492535
g37077,-3.798306149509254
g37079,-0.011582026072202933
g37081,-0.6892079652544936
g37083,3.5066233466404966
g37085,-1.5661205754840908
g37087,1.2752255092738611
g37089,1.2894346786554687
g37091,2.8239471277124544
g37093,0.8623304134050438
g37095,-0.3930440787874514
g37097,-2.928643111881105
g37099,2.8486063284701295
g37101,-2.2974093685322585
g37103,0.9481779669218574
g37105,0.8828773396997673
g37107,3.0773433037430573
g37109,-2.8011520114057555
g37111,0.11948742844876586
g37113,3.2207474471336197
g37115,0.8994584689600664
g37117,2.657591655639338
g37119,-2.8239830124463667
g37121,1.644734418718318
g37123,1.800782003401483
g37125,1.9140812932750897
g37127,-0.14124014363654702
g37129,-0.882210883323301
g37131,5.212884808289117
g37133,-3.4336318102210424
g37135,-3.839985157381098
g37137,0.3782580210944224
g37139,0.5250745691485039
g37141,-1.1738866254198046
g37143,0.9407651925904835
g37145,-0.4428611323901889
g37147,-0.2632199985285846
g37149,3.121279553551855
g37151,-1.1254307130246894
g37153,2.2192330684668096
g37155,4.512947065879363
g37157,0.7594363720386182
g37159,0.13055831404940532
g37161,1.2615179879032166
g37163,0.8338149348266704
g37165,2.730141326052675
g37167,0.04450311503402005
g37169,-0.7404085749176421
g37171,0.9812742371098755
g37173,3.649090554649591
g37175,3.655997496728185
g37177,-0.20132117903207414
g37179,-4.8614859931159575
g37181,3.854415446233346
g37183,-4.907144931838452
g37185,2.029471799953696
g37187,4.582470629887411
g37189,-1.6140321608824557
g37191,0.5655886019557668
g37193,0.27342490165952615
g37195,1.5809333646599937
g37197,-0.5103228895094634
g37199,2.305633996175967
g38001,2.5640510789618216
g38003,0.36274545062741886
g38005,6.697996186405519
g38007,-4.146326710143025
g38009,-0.5314432988824883
g38011,-0.10673492438918486
g38013,-1.2685674546313108
g38015,-2.09461273405379
g38017,-4.08261333291484
g38019,-0.42793694586783215
g38021,1.5382444527794688
g38023,-1.1187600055806644
g38025,-2.887283950062545
g38027,4.713141593496029
g38029,1.9559633734243544
g38031,-0.2558203863440722
g38033,0.39208994937765596
g38035,-2.541046439203173
g38037,1.7292129484525602
g38039,2.1438172872485453
g38041,1.5598265987737023
g38043,-1.7808864980936376
g38045,-0.9657888062760092
g38047,2.584869346327154
g38049,-1.3294406870458448
g38051,7.911982316367103
g38053,-1.7589879189995694
g38055,0.7701140950578715
g38057,-3.009718848442117
g38059,-2.0546186240490245
g38061,-1.7177500965754264
g38063,2.675438923484945
g38065,-3.709959016352042
g38067,-0.3536582218578339
g38069,2.050505354406795
g38071,1.3703291156755881
g38073,1.595407952111595
g38075,-3.5955029902515827
g38077,-2.614278320286224
g38079,7.736935259256594
g38081,-3.8921664343445572
g38083,1.6595765403750327
g38085,11.259560328819811
g38087,-4.533031575673897
g38089,-1.8648380528142878
g38091,-4.087748449930559
g38093,0.1578383659503556
g38095,0.5541723412831068
g38097,-0.16828086499727601
g38099,1.3157937823068866
g38101,-2.1020121301335317
g38103,3.91897204467555
g38105,-4.082374245185727
g39001,0.3213822962020289
g39003,0.47464809539044706
g39005,0.2557446736720974
g39007,0.49211866328124443
g39009,-0.4471094413467305
g39011,-2.6403587355486584
g39013,0.4619926607130863
g39015,-0.6205165081727606
g39017,-2.043449446427675
g39019,-1.443586611323441
g39021,-1.5931383038191083
g39023,1.5453451239181275
g39025,-3.283410259901054
g39027,-0.6838622108344636
g39029,0.12731670868739864
g39031,-0.6839543012460085
g39033,1.2643931470285277
g39035,2.0001801844299765
g39037,-0.8741892834885348
g39039,-0.5909339259660059
g39041,-7.8030819368645465
g39043,1.0334831509483071
g39045,-2.737750812000123
g39047,1.3369317080074854
g39049,-1.5719208575094434
g39051,-1.968074944296503
g39053,0.13466183485417627
g39055,-3.645235547712022
g39057,-2.58850958185886
g39059,0.1697697320081784
g39061,0.4728612266700601
g39063,-1.1946705626125225
g39065,-0.37334713382230855
g39067,1.014468513044
g39069,-1.1025320765677893
g39071,-0.6360191449962942
g39073,-0.1915271349001701
g39075,0.03702869851541779
g39077,-0.5408043962956008
g39079,0.6757700834249993
g39081,1.9521470303780908
g39083,-0.9914198708126623
g39085,-1.4104481201831836
g39087,0.777580119731387
g39089,-1.7917072021603477
g39091,-0.5828445068776429
g39093,-0.14679975686978475
g39095,1.3855309345365838
g39097,-4.759634513259794
g39099,2.299213249378631
g39101,-1.150931282500895
g39103,-3.9408244049413694
g39105,-0.5291121186446849
g39107,-2.596015497551722
g39109,-1.4187035950185534
g39111,-1.0081505792989018
g39113,1.2076760148371886
g39115,0.26592726060989963
g39117,-2.3705891784455244
g39119,1.3203853918136632
g39121,-1.6144045670754124
g39123,-0.9244234785044402
g39125,-2.1430876209068046
g39127,-0.8951727708608548
g39129,-2.605272634700466
g39131,0.5968796766935469
g39133,-1.784175244657202
g39135,-1.0384380769470143
g39137,-3.024645062643408
g39139,0.04576953595329436
g39141,-1.43549141170769
g39143,-0.04050607540567949
g39145,1.6535419114664491
g39147,-0.14767857096496295
g39149,-2.0090756211336647
g39151,0.8542047947514889
g39153,-0.7008426467826017
g39155,1.3984063769761348
g39157,-0.2804835903643601
g39159,-4.634781025483396
g39161,-0.5358618153150453
g39163,-1.9884462255359934
g39165,-5.816733139201102
g39167,-0.34825150598028554
g39169,-1.097563489367607
g39171,-1.3287857315453524
g39173,-2.47186762270571
g39175,-0.5361999530377181
g40001,3.155813692999863
g40003,-2.76112112718809
g40005,-0.28509674860136247
g40007,-1.195565003599005
g40009,-3.404589389665869
g40011,0.42697572409491547
g40013,1.1299869049787503
g40015,1.443564161885145
g40017,-3.758232517944794
g40019,1.5508679609171594
g40021,2.217317114611493
g40023,3.8864465089195224
g40025,2.61711118712389
g40027,-3.3200392776620244
g40029,2.3735946702578046
g40031,-0.7216997047478968
g40033,2.0752635919292524
g40035,1.4450721367096186
g40037,-1.7438856266683176
g40039,0.580763640655737
g40041,2.7113769696608263
g40043,-2.0338739667064067
g40045,-1.4220805647567258
g40047,0.9721356452359806
g40049,1.067295945955333
g40051,-1.6532317441808357
g40053,-0.3265826084268111
g40055,-0.4369792508428839
g40057,6.068813787707928
g40059,0.8230043018995556
g40061,0.8951864626707886
g40063,0.7887207331565709
g40065,1.3515218241679825
g40067,4.341036141714897
g40069,1.2649578543789708
g40071,1.528345763792237
g40073,-2.0019447899376344
g40075,2.119665579817764
g40077,0.43589742507387297
g40079,1.3487138731557191
g40081,-0.714605747377642
g40083,-2.655663913794037
g40085,1.460463150912734
g40087,-2.762921840429425
g40089,3.657216363775568
g40091,3.624011581339161
g40093,-1.400517574058454
g40095,1.8761498635388514
g40097,-0.707961006993675
g40099,1.2222535905301783
g40101,1.9804130719059116
g40103,-0.286687538808816
g40105,0.6431100327309127
g40107,2.462073982601712
g40109,0.05792061877695348
g40111,1.9665833868688969
g40113,-0.8591255128707564
g40115,4.0102522097363735
g40117,-0.22895221734312618
g40119,-2.5947763217851563
g40121,1.1197057450592007
g40123,1.2260123877285294
g40125,1.2630653373220802
g40127,4.869104808655458
g40129,-2.825801267846348
g40131,-3.08603079431491
g40133,2.8752468035118683
g40135,1.4608355987897028
g40137,0.43526174632375225
g40139,-1.056950652241615
g40141,2.07914684628368
g40143,-0.7620990237184229
g40145,-2.6406934228613337
g40147,0.7967522461480968
g40149,-0.8262526100355034
g40151,-0.186345737015987
g40153,-3.472873885577066
g41001,1.4023949691081052
g41003,-3.055392723968062
g41005,-3.759927551007165
g41007,1.941244380408
g41009,-3.0184180842483164
g41011,2.778376557715066
g41013,1.0402089569495496
g41015,3.861280040867846
g41017,-1.4367465666538028
g41019,1.805499634060438
g41021,-2.539212303473488
g41023,1.9320374296471154
g41025,0.2477380603476264
g41027,-0.3374520557630327
g41029,1.1702973769299252
g41031,1.3310871461330425
g41033,2.81550119700188
g41035,0.9965906878838793
g41037,-0.7996231300341455
g41039,-0.032270987534788964
g41041,2.912133097223951
g41043,-0.24824675686544834
g41045,2.1525904275142276
g41047,1.3159656424580792
g41049,-0.613714037039277
g41051,-1.068848263865163
g41053,-0.31370932706545474
g41055,1.4144687207372306
g41057,1.3707030764488959
g41059,0.21923363826023845
g41061,0.8353944062074019
g41063,3.3607985104281397
g41065,1.9851359023894362
g41067,-3.5221622381734483
g41069,2.7502343047991658
g41071,-0.9678627021319914
g42001,-1.5123625865296058
g42003,0.4061060789310137
g42005,0.02243449293844227
g42007,1.0255053399574603
g42009,-0.6090983900213066
g42011,0.23905295474238805
g42013,1.2620280966651136
g42015,-0.3291857265949306
g42017,-4.912382948897838
g42019,-3.0855871172331284
g42021,1.684123958028581
g42023,1.5590118322815645
g42025,-0.03247529579582653
g42027,-4.186524787754099
g42029,-6.222629249396411
g42031,0.5128653515782423
g42033,0.07468417157155266
g42035,0.9566321250676519
g42037,-0.08621445219413937
g42039,0.7220942295312118
g42041,-2.664653548347217
g42043,-0.3528947494899208
g42045,-1.4984948241608997
g42047,-0.1666043966127716
g42049,0.6046776983214559
g42051,2.0485240161867737
g42053,-1.7552831859818152
g42055,-1.0638406115837395
g42057,-2.0143357706079152
g42059,-0.5329727692671787
g42061,-1.6443616302557023
g42063,-0.7028118324128451
g42065,0.2995202266414104
g42067,-1.086813384999441
g42069,1.7039462601326028
g42071,-1.1658925436837184
g42073,1.5949601519770482
g42075,0.3614133123941422
g42077,0.5696127784784251
g42079,1.6995606184065404
g42081,-0.059991996539842246
g42083,0.9393724986917196
g42085,1.4035099220909064
g42087,1.6907577142587507
g42089,-1.1710488992899335
g42091,-4.5119568048166006
g42093,1.071325058022741
g42095,-1.1947486007225767
g42097,1.1590105970771183
g42099,-3.0446394306729916
g42101,6.636079185139585
g42103,-0.9939534635249802
g42105,0.12972564177368517
g42107,0.35877557958201056
g42109,-1.1334112579091737
g42111,-0.7734077015108927
g42113,2.657390215749954
g42115,-1.089863958747657
g42117,-0.580507586321891
g42119,-2.7937020357669726
g42121,0.9978050277813534
g42123,0.06372557768754647
g42125,-0.4154752950871704
g42127,-0.38358342525426825
g42129,-0.30174037289673095
g42131,-1.1814146458664418
g42133,-2.119643795949986
g44001,-1.8637255580235064
g44003,-1.4587557136912506
g44005,-1.227464772865001
g44007,2.9113721952902845
g44009,-2.8142060452348994
g45001,0.7517380323881645
g45003,-0.8474588229770129
g45005,0.8687222860842667
g45007,-0.45126472478488394
g45009,2.9879651460068635
g45011,0.6537213859067321
g45013,0.6189457076066083
g45015,-3.382153952759541
g45017,-0.835761775409185
g45019,-1.1414746945879242
g45021,-0.29271139297962634
g45023,0.5110270403069228
g45025,-0.20280927820669936
g45027,1.8649331102345192
g45029,1.400917522112855
g45031,0.3103214903022363
g45033,3.2700144906147877
g45035,-3.154065422413949
g45037,-3.755826930646808
g45039,1.7667119239722906
g45041,0.8744235048446035
g45043,2.774769074498128
g45045,-1.4655513895173033
g45047,1.8371568389115607
g45049,0.5400520574838046
g45051,1.7781511340106113
g45053,0.6476123851231586
g45055,-0.7447708553683055
g45057,-0.8787874476892275
g45059,0.7701410841612928
g45061,1.6774286888090069
g45063,-3.004763528279841
g45065,1.3457095348991066
g45067,3.3105222131435674
g45069,0.9087936954060307
g45071,0.6031099229173779
g45073,-0.06118061821540327
g45075,1.5893640229950798
g45077,-2.32880835734398
g45079,-1.5857842348177875
g45081,-0.19727225530086012
g45083,-0.5066538190335969
g45085,0.13663416169048526
g45087,2.2179778702281627
g45089,2.3771747961935255
g45091,-2.5339667758462494
g46003,0.9753001891005604
g46005,0.8287421941661164
g46007,8.868868095721805
g46009,-0.43154859956544545
g46011,-4.10224246453346
g46013,0.057594993610158796
g46015,1.4083184572406033
g46017,9.005169820639926
g46019,-0.7445466903555571
g46021,1.670358000396405
g46023,6.100080871777174
g46025,2.348398033040122
g46027,-1.8791872194384458
g46029,-1.2857958235900844
g46031,5.238293274769095
g46033,0.7305827411221215
g46035,0.09153959171571369
g46037,4.001163885768527
g46039,-1.2881576608418521
g46041,6.159267680663203
g46043,2.2006467521924487
g46045,-0.03598289054896331
g46047,6.191184420910211
g46049,1.4354085370534326
g46051,0.011447243446668032
g46053,2.704957286558782
g46055,-1.5844304502657165
g46057,-1.163561341729904
g46059,1.8764771270393674
g46061,-1.9963321257712785
g46063,-4.508744149819961
g46065,-1.4692265813430923
g46067,4.600749511236665
g46069,3.368640039004167
g46071,2.3631342851866175
g46073,4.287169527679459
g46075,0.2951822879835799
g46077,0.0753076400567586
g46079,-0.6109321862783897
g46081,0.5741278405001977
g46083,-5.990511004627709
g46085,2.391793858142452
g46087,-0.11439439993604958
g46089,4.529413865913897
g46091,0.4994621693158998
g46093,-3.030168331205681
g46095,7.327874367761352
g46097,0.4029980827352584
g46099,-1.841833278739223
g46101,-0.5885026546544133
g46103,-0.6887675594061217
g46105,0.6977038565048785
g46107,3.7432292825097147
g46109,4.081460463870531
g46111,-0.1660920765124939
g46113,12.80782677575531
g46115,0.7666252752587301
g46117,-3.307588457665844
g46119,-5.742756209519099
g46121,10.972366257840308
g46123,2.0571513245355777
g46125,-0.2176989657697666
g46127,-5.111406248813322
g46129,3.9230848835522165
g46135,-0.7503344057488202
g46137,6.658478878635169
g47001,-0.04721785677945303
g47003,-1.1369374337813851
g47005,1.543654810407076
g47007,-1.247565047693754
g47009,-0.8749696227510537
g47011,-0.7660225507063712
g47013,1.945548404488842
g47015,-0.26134040677594855
g47017,0.9387320275461982
g47019,1.1138009409297043
g47021,-4.220983022054125
g47023,-0.8396802052554814
g47025,-0.3984660906484295
g47027,1.2600986725727559
g47029,2.06588182796406
g47031,-0.07259272040485132
g47033,1.8391951863078277
g47035,2.7119656248868287
g47037,-0.9812214736625718
g47039,1.6053610017899687
g47041,0.1878403956191262
g47043,-1.6753247099431272
g47045,0.3558644960771966
g47047,-3.120726680074963
g47049,0.8155897229620114
g47051,-0.7102661180219616
g47053,1.5089285445824205
g47055,-0.6473452251309944
g47057,-1.2897893614612486
g47059,0.4661540763808988
g47061,2.5483970279061228
g47063,0.8343704217982121
g47065,-0.1531773711415671
g47067,2.896036155263215
g47069,-1.4169720841156361
g47071,1.4359894247090605
g47073,-1.0020980664783596
g47075,2.3235006375231655
g47077,-1.0518551717230538
g47079,1.3695347673435254
g47081,-2.3366752150948997
g47083,-1.1992000797124684
g47085,0.3360849365779152
g47087,0.07054949563257096
g47089,-0.103835925750238
g47091,-0.7141570136221528
g47093,-2.4561729852533007
g47095,0.5946892611906613
g47097,-0.35102522677943615
g47099,-0.45714174199684365
g47101,-0.2979503246983679
g47103,-0.5060325506531285
g47105,-0.2502844550550172
g47107,-0.6033970901648829
g47109,0.12584003532283028
g47111,-0.7402542894246396
g47113,0.07274126689472449
g47115,-0.6023063635718119
g47117,-1.4507601555154683
g47119,0.018923944927482172
g47121,-2.725964975750723
g47123,-0.29648841319102576
g47125,-1.9654375381622375
g47127,-1.0375192365060657
g47129,-2.179563570108753
g47131,1.441436334693705
g47133,-1.0885381477573706
g47135,2.229278671499442
g47137,0.17619011202947
g47139,-0.4462529327232712
g47141,-0.0861852543847002
g47143,-0.2779889932585079
g47145,-0.41223526401094374
g47147,-2.557861098648069
g47149,-3.917254652221465
g47151,0.4959100282103411
g47153,-0.13237139762692707
g47155,1.0765307143110845
g47157,-0.31194917599085825
g47159,-2.2583575587846445
g47161,-1.0163188364234899
g47163,0.4609852883401509
g47165,-2.9966689331216125
g47167,-2.7953186657035487
g47169,-3.1538564969511427
g47171,1.0293937763644974
g47173,-1.941509173836263
g47175,0.6700070238092325
g47177,0.1275919177946152
g47179,-0.7407803693264721
g47181,-1.6847234892160285
g47183,-0.34381585568062256
g47185,-0.21239650705803892
g47187,-8.433636073087666
g47189,-4.2389433863625845
g48001,-2.642876044966622
g48003,-0.6128679138959606
g48005,1.4216073887572662
g48007,3.782325057534398
g48009,-3.1770636014807025
g48011,1.530226315009068
g48013,2.0937627644550076
g48015,-0.925376201472458
g48017,1.918377867038262
g48019,0.023403025470322303
g48021,-2.3893342481140865
g48023,2.988816957780005
g48025,1.150461361801041
g48027,-0.3897500775341909
g48029,2.241592144057816
g48031,-0.08482281063269728
g48033,-3.226047167878678
g48035,2.931373805868203
g48037,-0.4371432671746805
g48039,-3.9321206042879906
g48041,-1.940741710333673
g48043,0.1677708032102651
g48045,1.1538480833330746
g48047,14.685346523663938
g48049,1.608948856288272
g48051,0.2129661130793432
g48053,1.0766960803586083
g48055,1.2926014317382437
g48057,0.8596999021348022
g48059,-1.024393402429609
g48061,9.280687558845829
g48063,2.1186281547940884
g48065,-3.0547413404042416
g48067,2.9939763265028376
g48069,2.682511717717614
g48071,-6.795602285253509
g48073,1.9336777851534692
g48075,-1.3603411153330023
g48077,-1.5408494533219323
g48079,1.0334109443367043
g48081,4.199508412572022
g48083,4.038021017975795
g48085,-6.899447603263747
g48087,3.8675073114746352
g48089,1.4757741160376037
g48091,-2.4065237822444008
g48093,3.2201265770223544
g48095,-2.2547256800322835
g48097,0.3902264964907103
g48099,-0.11651786450022295
g48101,8.335726750480905
g48103,0.5748239426715858
g48105,3.038109152583983
g48107,6.021378007986406
g48109,9.322331344426729
g48111,-0.9113057976975875
g48113,0.4694605008513039
g48115,0.2581201243835199
g48117,2.697829060739519
g48119,1.5601172688232545
g48121,-5.400731678526933
g48123,2.1950019287089595
g48125,3.3471353554673104
g48127,10.36713969713613
g48129,0.39455176521392255
g48131,10.141471078405099
g48133,2.8514265706398376
g48135,0.6041968509540734
g48137,5.735630294777933
g48139,-2.7360868269123326
g48141,6.565285345338021
g48143,-1.0465017644342907
g48145,4.6659621144717205
g48147,-0.900044633671976
g48149,1.035396533681332
g48151,2.3458149884928865
g48153,4.951042428282487
g48155,9.905777846895043
g48157,-6.211755556995539
g48159,1.4032158346409886
g48161,-0.9516791004894783
g48163,3.441084513075607
g48165,-2.386286201298802
g48167,-2.148639284117419
g48169,2.2165160450300183
g48171,3.6488889769146384
g48173,-10.261228962183715
g48175,2.141392782423225
g48177,2.8864703324603966
g48179,-0.7490817760218954
g48181,0.7009522528974064
g48183,0.22338411125468283
g48185,-0.5740981746334743
g48187,-1.7985060255908105
g48189,2.5580168414460664
g48191,5.19296272318035
g48193,4.187518086035746
g48195,0.9831777239960162
g48197,4.477291570732701
g48199,-3.1464754239604886
g48201,-0.2214821915201441
g48203,-0.8384075803404232
g48205,-7.170674517184998
g48207,1.8208613897244332
g48209,-3.186250977169796
g48211,0.45494384676376254
g48213,0.5951132602316359
g48215,8.234840209434559
g48217,1.0447406876187857
g48219,0.7219216773635342
g48221,-0.9513851915135211
g48223,0.43760241732819033
g48225,1.7659483376151655
g48227,2.13895813516053
g48229,7.001643240772294
g48231,-1.0956217997871724
g48233,-0.6995103264087648
g48235,-1.686796625881808
g48237,-3.6390773379282155
g48239,0.3856558497385454
g48241,0.15242456918829544
g48243,3.4383976995059644
g48245,0.1709461447920853
g48247,6.00413427004791
g48249,5.348493626656146
g48251,-3.268627346757715
g48253,-0.49356840209129094
g48255,0.6926678963442097
g48257,-2.742286975201723
g48259,-3.473825436433569
g48261,9.139554522678624
g48263,2.184905141492359
g48265,4.133732959597059
g48267,3.889983473682733
g48269,-3.6784868296316175
g48271,5.423040398096296
g48273,4.111137549422244
g48275,6.444084167659471
g48277,1.8368548045174424
g48279,5.252135794210117
g48281,0.28918454927730186
g48283,7.764728352531127
g48285,1.5223623798906365
g48287,-0.3432919933269457
g48289,1.5244650415182566
g48291,-2.5240376463922747
g48293,1.198070426959795
g48295,-0.6528673728037571
g48297,1.5628333993409749
g48299,3.8655056652976616
g48301,-14.677949094933961
g48303,0.3562209551385278
g48305,3.9100650643028114
g48307,2.4764645834661843
g48309,1.5279935768942554
g48311,-2.8911386584374097
g48313,-0.2638872433282382
g48315,2.1837532520686302
g48317,0.3278684187364571
g48319,2.071638105438928
g48321,1.9386556974867268
g48323,10.37039467734573
g48325,0.5349047506838633
g48327,8.68837960671836
g48329,-2.033174855886328
g48331,2.4389726981447453
g48333,2.758234810243636
g48335,-3.5372736292970894
g48337,0.673455091441469
g48339,-4.422262593967062
g48341,1.5134111307483653
g48343,3.5438010359491274
g48345,-1.7269420803073374
g48347,0.7533490698347204
g48349,1.5840644448257812
g48351,-1.4172864845079292
g48353,4.070641629403424
g48355,3.5687109747203074
g48357,0.2124024458084921
g48359,2.759308965416241
g48361,-2.5542721832010704
g48363,1.6432032386611617
g48365,-1.8240208138444525
g48367,-4.93413523933317
g48369,2.392982529436624
g48371,2.1055170719028604
g48373,1.470046872132084
g48375,2.3054858836258116
g48377,9.501059453189567
g48379,-0.229864921885785
g48381,-2.531252946004954
g48383,-2.4392327976039567
g48385,5.626509444763622
g48387,4.301352526815636
g48389,7.430230272406605
g48391,5.48100061472324
g48393,-0.03900831811875016
g48395,2.796363983555507
g48397,-6.068568618444715
g48399,4.434116059886345
g48401,-1.6609486445285615
g48403,3.8359945878320834
g48405,6.843079601739021
g48407,-0.4226021171419857
g48409,2.643025733403884
g48411,0.696541948773498
g48413,1.6637139901050129
g48415,0.12207378675490846
g48417,0.17491829812771886
g48419,0.3890341964847406
g48421,0.5034367691723507
g48423,0.07986438330124401
g48425,-2.239664682421364
g48427,14.132419607704076
g48429,0.2244909622930935
g48431,0.30864471580279695
g48433,-1.0524640161413543
g48435,-0.15236437552579263
g48437,1.3686601045135784
g48439,-1.7444626650690287
g48441,1.262312818045796
g48443,3.098136956422268
g48445,2.0819226442211964
g48447,-0.16660829044397485
g48449,1.7343274193019722
g48451,2.2973150845077948
g48453,-2.903028873163879
g48455,3.7059443735289697
g48457,-0.44028312004528475
g48459,-1.1314658550580035
g48461,2.3452940196931658
g48463,7.073735104356208
g48465,6.959796725641379
g48467,0.49184874863611505
g48469,1.846034011176062
g48471,-2.6898388231101724
g48473,-2.4277805986170384
g48475,3.4856080830317673
g48477,1.6155080844578968
g48479,9.380881767805235
g48481,2.9739528888416547
g48483,0.5149374956465236
g48485,-0.06472637209747667
g48487,3.886523715472579
g48489,7.851939599570004
g48491,-4.171598295089853
g48493,-1.751257304979493
g48495,1.705730518680901
g48497,-3.7624152965466338
g48499,2.552616435872972
g48501,0.7020084899890175
g48503,1.4451932851383062
g48505,8.977040332031084
g48507,11.850403844931655
g49001,-0.8053219992274421
g49003,-3.807453965864476
g49005,-3.7312562099678566
g49007,-0.913327578076625
g49009,0.3884079863628669
g49011,-6.030619804216294
g49013,-5.133899654376195
g49015,-3.424252550060892
g49017,0.4124068939136619
g49019,-0.24813834779667032
g49021,-2.3781398906934843
g49023,-2.7074647416805004
g49025,-0.3268613971285297
g49027,-1.34114891373031
g49029,-6.883751904766452
g49031,2.375687900466648
g49033,-1.9239958932035721
g49035,-3.6037072475333183
g49037,3.77911941503258
g49039,-2.886801263691759
g49041,-2.1829489639242183
g49043,-7.625035733132602
g49045,-5.235499463200677
g49047,-5.340903142780556
g49049,-5.218503063383782
g49051,-4.610839982766826
g49053,-0.4186143074164963
g49055,-1.802944813323216
g49057,-2.442497216141414
g50001,-2.6018611977733044
g50003,0.973464813558209
g50005,-0.026357680785882187
g50007,-3.505264417552021
g50009,1.2614115141100863
g50011,-2.5826306128329524
g50013,-4.259764574015465
g50015,-2.2373236969695314
g50017,-2.306441783089262
g50019,0.8559868651932598
g50021,-0.02640197001257194
g50023,-1.838474799684612
g50025,-0.5086082968435719
g50027,-0.8484400917309016
g51001,1.5683312980885633
g51003,-3.9071425419301073
g51005,1.60150487352687
g51007,-2.983446860789569
g51009,0.6615829782516088
g51011,-0.10736476727680179
g51013,-8.483513008249954
g51015,-2.5423358067554966
g51017,2.5360985069549717
g51019,-3.7496144340503923
g51021,-3.5558407144260302
g51023,-4.0530521307180365
g51025,2.46146432174545
g51027,0.796143600178
g51029,1.218179807350148
g51031,-1.2258563563795621
g51033,-2.446792799074232
g51035,0.47526965295575674
g51036,-1.14895376228867
g51037,1.809321222020167
g51041,-4.647337535498555
g51043,-4.636119303720866
g51045,0.19687509513362955
g51047,-3.285698142749641
g51049,-0.4007912222285198
g51051,0.31663795327262956
g51053,-1.5135186218391836
g51057,1.4812010351497207
g51059,-8.09470934670071
g51061,-6.077201073929966
g51063,-1.4214803081711487
g51065,-1.5845090411027531
g51067,-1.2260485290411185
g51069,-4.298494931072044
g51071,-0.47825219707766153
g51073,-2.8434929523315353
g51075,-7.633670899314929
g51077,1.6726630339373754
g51079,-2.638213493409417
g51081,-3.3038109914553915
g51083,2.6840811535615803
g51085,-5.513802187058105
g51087,-2.153082750730247
g51089,1.511267270926578
g51091,2.1758185144719926
g51093,-3.780067188916381
g51095,-1.9562085858682554
g51097,-2.463638924781669
g51099,-6.425821028064339
g51101,-4.485100549736954
g51103,6.2368763332572374
g51105,1.1585370334678433
g51107,-10.207691176601376
g51109,-2.9149151273181255
g51111,0.006834342384730324
g51113,-0.04801240917768246
g51115,0.8505117869249581
g51117,2.8506632196469313
g51119,0.7419449812994382
g51121,-4.363552443958184
g51125,1.4530659593696182
g51127,-5.821712248661619
g51131,4.023775853537565
g51133,2.5703778866325333
g51135,1.8648750106396377
g51137,-1.067101471625791
g51139,0.47068817252940587
g51141,2.552055637497873
g51143,-1.1018544930170913
g51145,-8.29497250666976
g51147,1.1112861175280964
g51149,-6.787153671535894
g51153,-6.181883182317934
g51155,0.08787366035388726
g51157,-2.7167089045720494
g51159,-1.7960938372518713
g51161,-2.006784579178024
g51163,-0.34572195510724907
g51165,-1.8640630706368135
g51167,-0.3871375521664897
g51169,1.0571941175269466
g51171,0.6184339140193802
g51173,1.8172022210389334
g51175,-0.9027736923291639
g51177,-4.604895813719926
g51179,-7.745845227770992
g51181,-2.148736853367785
g51183,-1.6586285587713783
g51185,0.08269430548139156
g51187,-2.720529563250134
g51191,-1.358550080349099
g51193,1.2528721357418953
g51195,-1.1060298132910433
g51197,0.2669141400757189
g51199,-5.762093943435345
g51510,-4.501879214255354
g51515,6.438257779850453
g51520,5.166878531296427
g51530,2.9130543218419542
g51540,-0.6989842013854385
g51550,-4.411502799789075
g51570,2.290506694307117
g51580,0.8474684863889548
g51590,6.21973897697655
g51595,8.750041233874597
g51600,-6.13858358944603
g51610,-8.482929766115646
g51620,7.9617807848612125
g51630,0.15730044250634423
g51640,9.708346522377841
g51650,-1.1081844672268149
g51660,1.5620896533311401
g51670,4.189508385402699
g51678,-3.0703847742875756
g51680,2.309419376441646
g51683,-1.9499350796403823
g51685,-0.1754482760416709
g51690,8.62415671273866
g51700,0.12320998739158384
g51710,-0.9493407740516192
g51720,3.2586938705540804
g51730,6.94579252318035
g51735,-6.330201554172805
g51740,1.8275610737531065
g51750,1.0406962172273184
g51760,2.617979819611738
g51770,3.6277797981557587
g51775,0.5794781091665522
g51790,4.290920305586336
g51800,-2.6721062450381146
g51810,-3.8933367325164054
g51820,2.287593521601219
g51830,-0.6945111756798363
g51840,2.0500706254696035
g53001,2.757001830215846
g53003,2.3533838517053547
g53005,-2.5754601701419007
g53007,0.9739778256801304
g53009,2.7338427087929285
g53011,-2.8995403815344325
g53013,2.955630376390281
g53015,0.3634800915140891
g53017,-0.33724066147614223
g53019,1.487777470750641
g53021,1.6441930599503487
g53023,1.5950687712664613
g53025,0.8951847690550626
g53027,1.5619452544430508
g53029,-1.5005623313651835
g53031,1.1669571032892416
g53033,-4.954511563383105
g53035,-3.1976534975367343
g53037,-1.2435602335928777
g53039,-0.1535928290275048
g53041,0.40741703783912525
g53043,0.16443772377671823
g53045,0.2472644203871993
g53047,3.0336302904016885
g53049,3.1977545074405183
g53051,0.5462118785935858
g53053,-2.3777744932090683
g53055,0.516606239807335
g53057,-0.6141307625789176
g53059,-3.580687129207725
g53061,-4.184159585949735
g53063,-1.1954551053617557
g53065,-0.39531812138795197
g53067,-2.1754731736824393
g53069,-0.15787967105101497
g53071,1.0179020977351638
g53073,-1.6978873280466908
g53075,-2.9557679537302555
g53077,3.2706974887594082
g54001,1.092984226721122
g54003,-2.329669193333962
g54005,-1.2017357489631708
g54007,0.4105638112568253
g54009,1.934120999110077
g54011,1.3430174817439489
g54013,0.7978188283141339
g54015,-0.13001665597299894
g54017,-0.5059067814286021
g54019,1.8112238186731289
g54021,-0.8717624558687784
g54023,-0.338524828208407
g54025,2.2724534210302108
g54027,-0.806696801709647
g54029,1.6139545976229877
g54031,0.8902090420918876
g54033,1.0461956989941594
g54035,-0.5388608474313238
g54037,-3.272738401484766
g54039,0.48297001512256266
g54041,1.428378474814312
g54043,1.101334384365307
g54045,-0.8516209509208141
g54047,4.152706389332497
g54049,0.499022367692642
g54051,0.4415318726844145
g54053,0.6757793986448732
g54055,1.8418008014874
g54057,1.3316218579954104
g54059,-0.12740700756065748
g54061,-4.02682817405774
g54063,0.3362632003247259
g54065,0.6675840956910113
g54067,-0.20604320375786123
g54069,3.2925546491578563
g54071,0.5660230924054601
g54073,-0.4454925984950927
g54075,1.720974909557493
g54077,-1.8169152660187071
g54079,-3.5934354651463414
g54081,0.12144422641029595
g54083,0.6179067694541436
g54085,1.4338809258475302
g54087,2.1115392317418937
g54089,4.23946646957019
g54091,-0.2124557017165617
g54093,0.21446443988065822
g54095,1.8388821754491267
g54097,-0.28493345453784
g54099,0.45151954063760696
g54101,2.096567795795152
g54103,1.1007683892321911
g54105,-3.164522722350858
g54107,0.3348688748050587
g54109,-0.4827810868615856
g55001,0.8346962683001053
g55003,2.052664484705698
g55005,0.45952370151838895
g55007,1.3985734642412853
g55009,-1.9185353100715659
g55011,-1.65273486158038
g55013,2.9276742274686787
g55015,-5.1959526254079105
g55017,-2.062541751284748
g55019,-0.5608209381290795
g55021,-2.478481389594661
g55023,0.3067440230068958
g55025,-3.744324377231401
g55027,-2.8912307583263948
g55029,1.8091297385182596
g55031,-0.05875052468348563
g55033,-2.4624933918820364
g55035,-1.6590550352312317
g55037,2.1377306470262845
g55039,-0.8762179624910118
g55041,3.9845981579387004
g55043,-1.8248679455793824
g55045,-1.8788298807960218
g55047,0.5940692764386369
g55049,-2.724930751714029
g55051,4.252370086261312
g55053,-0.2563676802215896
g55055,-2.094772012804108
g55057,-0.7261431151373247
g55059,-1.762519376410119
g55061,-2.954461424267752
g55063,-1.308554029635358
g55065,-2.174850791118588
g55067,0.8047062438070339
g55069,-0.5797081075407468
g55071,-0.8482823523660057
g55073,-2.8051299681589645
g55075,0.694752353806479
g55077,0.7113077870073997
g55078,11.555345343806714
g55079,2.2719328567033594
g55081,-1.2008776300221358
g55083,-2.2657708237767262
g55085,0.7799765892484416
g55087,-3.3363090320290234
g55089,-5.206880291318999
g55091,-0.5111866588419718
g55093,-3.415446666363599
g55095,-1.2004410828027154
g55097,-2.299201689428457
g55099,0.2814570414193479
g55101,-1.092493614860108
g55103,-0.0645939231427556
g55105,-0.5326015137185682
g55107,0.7165789134172696
g55109,-5.113172279667543
g55111,-1.0343848383618188
g55113,4.040342331826253
g55115,0.9743385562483162
g55117,-1.5053675103516786
g55119,-1.9122856902845058
g55121,-1.136515063120802
g55123,-0.4135464289266576
g55125,3.425585921271221
g55127,-0.9814294600972784
g55129,2.1127701484788317
g55131,-4.060648887569627
g55133,-4.966718705780663
g55135,-0.19081386482178186
g55137,0.19035612428450116
g55139,-1.737575339572469
g55141,-0.06317318249672077
g56001,-4.529912882851683
g56003,-0.9228145902909662
g56005,-8.683958696462803
g56007,-3.1124407134137058
g56009,-3.843348394153984
g56011,-3.655967227711397
g56013,0.9425679878115526
g56015,-0.6725505698563268
g56017,2.0938901988267262
g56019,-3.0660453576473587
g56021,-1.9950991056696172
g56023,-4.001013758522891
g56025,-3.3145476287487172
g56027,1.2348254814626194
g56029,-1.192003151334494
g56031,1.325058568382905
g56033,-1.4877110262589939
g56035,-9.200613763413424
g56037,-6.339822341657219
g56039,-5.187730880857087
g56041,-3.9626184171247605
g56043,-0.3521898153227561
g56045,-3.6342970309825557
